date,run_ts,commence,sport,away,home,market,side,point,price,units,units_reason,rec_type,grade,gap,tickets,money,num_bets,contrarian,steam,steam_delta,has_value,ev,fair,fair_mult,anchor,nb,pin_price,pin_opp,ex_back,ex_lay,ex_mid,mlb_gamePk,venue,day_night,double_header,probable_away,probable_away_id,probable_home,probable_home_id,wx_condition,wx_temp_f,wx_wind,roof,park_rf_approx,om_temp_f,om_wind_kph,om_wind_dir_deg,pin_age_min,bo_price,best_price,best_book,an_ml,probable_changed,probable_changed_post_log,kalshi_ticker,kalshi_bid,kalshi_ask,kalshi_n,kalshi_ev_taker,kalshi_ev_maker,poly_mid,poly_bid,poly_ask,poly_ev_mid,exec_best_venue,exec_best_ev,close_price,close_fair,close_fair_mult,close_anchor,close_point,close_ts,close_obs,close_line_moved,clv,clv_fair,clv_fair_mult,clv_measured,shadow,shadow_kind,hours_to_game,result,void_reason,units_pl,model_version,event_id
2026-06-30,,,MLB,Los Angeles Angels,Seattle Mariners,Moneyline,Los Angeles Angels,,157,1.5,,,,,,,,,,,,,,,,,,,,,,,,,,,,,,,,,,,,,,,,,,,,,,,,,,,,,,,,,190,,,,,,,,-11.38,,,,,,,loss,,-1.5,,
2026-06-30,,,MLB,Chicago White Sox,Baltimore Orioles,Moneyline,Chicago White Sox,,128,1.0,,,,,,,,,,,,,,,,,,,,,,,,,,,,,,,,,,,,,,,,,,,,,,,,,,,,,,,,,,,,,,,,,,,,,,,,win,,1.28,,
2026-06-30,,,MLB,New York Mets,Toronto Blue Jays,Moneyline,New York Mets,,-102,1.0,,,,,,,,,,,,,,,,,,,,,,,,,,,,,,,,,,,,,,,,,,,,,,,,,,,,,,,,,,,,,,,,,,,,,,,,win,,0.98,,
2026-06-30,,,MLB,San Diego Padres,Chicago Cubs,Moneyline,San Diego Padres,,128,1.0,,,,,,,,,,,,,,,,,,,,,,,,,,,,,,,,,,,,,,,,,,,,,,,,,,,,,,,,,,,,,,,,,,,,,,,,loss,,-1.0,,
2026-07-02,,,MLB,Pittsburgh Pirates,Philadelphia Phillies,Moneyline,Pittsburgh Pirates,,112,1.0,,,A,24,,,,True,True,,False,,,,,,,,,,,,,,,,,,,,,,,,,,,,,,,,,,,,,,,,,,,,,,,,,,,,,,,,,,,,0.56,win,,1.12,2026-07-02.v9-ridgeseeker,
2026-07-03,,2026-07-04T01:40:00Z,MLB,Miami Marlins,Athletics,Moneyline,Miami Marlins,,119,1.0,,,A,25,,,,False,True,,False,,,,,,,,,,,,,,,,,,,,,,,,,,,,,,,,,,,,,,,,,,,,,,-128,,,,,,,,22.95,,,,,,9.0,win,,1.19,2026-07-02.v10-audit1,5434f34b7e8232a7091f0e3efdd4a175
2026-07-05,2026-07-05T16:14:45.188096+00:00,2026-07-05T20:00:00Z,MLB,San Francisco Giants,Colorado Rockies,Moneyline,Colorado Rockies,,100,1.5,"Elite sharp signal (no price edge, so not 2u)",sharp,S,34,34,68,6199,True,True,2.2,False,,0.4773345302216894,0.47799865981684164,pinnacle,28,105,-114,106,114,0.4764,,,,,,,,,,,,,,,,,,104,105,Pinnacle,,,,,,,,,,0.485,0.48,0.49,-0.0158,polymarket,-0.0158,100,0.4773345302216894,,pinnacle,,2026-07-05T16:14:45.188096+00:00,0,,0.0,-4.53,,False,,,3.75,win,,1.5,2026-07-04.v13-research1,a2dde9d9ca56dc238d564ace87b244f0
2026-07-06,2026-07-06T23:32:08.082906+00:00,2026-07-06T23:46:00Z,mlb,Milwaukee Brewers,St. Louis Cardinals,Moneyline,Milwaukee Brewers,,-124,0.0,,,D,6,75,81,14999,False,False,-8.6,False,-0.055830119110148124,0.5226654697783109,0.5220013401831584,pinnacle,28,-114,105,,,,,,,,,,,,,,,,,,,,0.2,,,,,,,,,,,,,,,,,,,-125,0.524955407254382,,pinnacle,,2026-07-06T23:44:45.835709+00:00,1,,0.36,-5.17,,True,True,sharp,0.23,win,,0.0,2026-07-04.v13-research1,e5295ada7ac0d16be6bf67d6a4a2923b
2026-07-06,2026-07-06T23:32:08.082906+00:00,2026-07-07T01:41:00Z,mlb,Arizona Diamondbacks,San Diego Padres,Moneyline,San Diego Padres,,-130,0.0,,,D,7,74,81,11521,False,True,2.7,False,-0.04393563947120671,0.540384203777144,0.539285269580376,pinnacle,28,-122,113,,,,,,,,,,,,,,,,,,,,0.2,,,,,,,,,,,,,,,,,,,-118,0.5168715068812907,,pinnacle,,2026-07-07T17:22:38.644980+00:00,2,,-4.23,-8.55,,True,True,sharp,2.15,loss,,-0.0,2026-07-04.v13-research1,d1ba74caa5492c9e300650c9ba7bebab
2026-07-07,2026-07-07T17:22:38.645923+00:00,2026-07-07T18:16:00Z,mlb,Milwaukee Brewers,St. Louis Cardinals,Moneyline,Milwaukee Brewers,,-230,0.0,,,D,9,78,87,1055,False,True,3.4,False,-0.04398113394433567,0.6663161793721297,0.6612108412530799,pinnacle,27,-208,189,,,,,,,,,,,,,,,,,,,,0.1,,,,,,,,,,,,,,,,,,,-230,0.6663161793721297,,pinnacle,,2026-07-07T17:22:38.645923+00:00,0,,0.0,-4.4,,False,True,sharp,0.89,win,,0.0,2026-07-04.v13-research1,6611ecd500747b1f1aebe1ea49f9d00a
2026-07-07,2026-07-07T17:22:38.645923+00:00,2026-07-07T22:36:00Z,mlb,Chicago Cubs,Baltimore Orioles,Moneyline,Chicago Cubs,,-113,0.0,,,D,7,68,75,6361,False,True,2.8,False,-0.043809535580379366,0.5072747534244936,0.5070731362286036,pinnacle,28,-107,-101,,,,,,,,,,,,,,,,,,,,0.1,,,,,,,,,,,,,,,,,,,107,0.46175768651594523,,pinnacle,,2026-07-08T16:44:08.880582+00:00,1,,-8.94,-12.96,,True,True,sharp,5.22,win,,0.0,2026-07-04.v13-research1,a250fe250560caa8b56cd4e061c8e7b0
2026-07-07,2026-07-07T17:22:38.645923+00:00,2026-07-07T22:41:00Z,mlb,Atlanta Braves,Pittsburgh Pirates,Moneyline,Atlanta Braves,,125,0.0,,,B,13,40,53,6028,False,True,2.0,False,-0.0496887903474873,0.42236053762333897,0.42454650714010034,pinnacle,28,131,-142,,,,,,,,,,,,,,,,,,,,0.1,,,,,,,,,,,,,,,,,,,-102,0.4819819753963075,,pinnacle,,2026-07-08T16:44:08.880600+00:00,2,,13.61,8.45,,True,True,sharp,5.31,loss,,-0.0,2026-07-04.v13-research1,e38e52ed47e9148a67603013c94f7295
2026-07-07,2026-07-07T17:22:38.645923+00:00,2026-07-07T22:41:00Z,mlb,Seattle Mariners,Miami Marlins,Moneyline,Miami Marlins,,-130,0.0,,,D,30,57,87,6941,False,True,2.0,False,-0.051550454820892155,0.5360801777099305,0.5350803043110736,pinnacle,28,-120,111,,,,,,,,,,,,,,,,,,,,0.1,,,,,,,,,,,,,,,,,,,107,0.46069134939153067,,pinnacle,,2026-07-08T16:44:08.880609+00:00,2,,-14.53,-18.49,,True,True,sharp,5.31,win,,0.0,2026-07-04.v13-research1,157306fb8124249fa8e55016561ce711
2026-07-07,2026-07-07T17:22:38.645923+00:00,2026-07-07T22:46:00Z,mlb,Houston Astros,Washington Nationals,Moneyline,Washington Nationals,,-122,0.0,,,D,12,58,70,6270,False,True,1.9,False,-0.04062652505756703,0.5272232610044001,0.526440410418311,pinnacle,28,-116,107,,,,,,,,,,,,,,,,,,,,0.1,,,,,,,,,,,,,,,,,,,-121,0.5261099052623018,,pinnacle,,2026-07-07T22:36:56.350219+00:00,1,,-0.37,-4.27,,True,True,sharp,5.39,win,,0.0,2026-07-04.v13-research1,a11dc5b41df437e869c4abe72abced1f
2026-07-07,2026-07-07T17:22:38.645923+00:00,2026-07-07T23:10:00Z,mlb,Philadelphia Phillies,Cincinnati Reds,Moneyline,Philadelphia Phillies,,-175,0.0,,,D,22,61,83,5785,False,True,2.6,False,-0.03762469311919037,0.6124206498332425,0.6092593688946777,pinnacle,28,-164,151,,,,,,,,,,,,,,,,,,,,0.1,,,,,,,,,,,,,,,,,,,120,0.4334536419793839,,pinnacle,,2026-07-08T16:44:08.880616+00:00,2,,-28.57,-31.89,,True,True,sharp,5.79,win,,0.0,2026-07-04.v13-research1,7b7ae2c411b9b8122144d502c0bd1757
2026-07-07,2026-07-07T17:22:38.645923+00:00,2026-07-07T23:11:00Z,mlb,Kansas City Royals,New York Mets,Moneyline,New York Mets,,-149,0.0,,,D,15,56,71,4331,False,True,2.9,False,-0.03468304609537831,0.5776394623766612,0.5754534928598997,pinnacle,28,-142,131,,,,,,,,,,,,,,,,,,,,0.1,,,,,,,,,,,,,,,,,,,-180,0.6191732819481306,,pinnacle,,2026-07-08T16:44:08.880622+00:00,2,,7.43,3.47,,True,True,sharp,5.81,loss,,-0.0,2026-07-04.v13-research1,288b4514ed237def0df905ead634d530
2026-07-07,2026-07-07T17:22:38.645923+00:00,2026-07-07T23:41:00Z,mlb,Cleveland Guardians,Minnesota Twins,Moneyline,Minnesota Twins,,-114,0.0,,,D,6,52,58,3978,False,True,2.7,False,-0.04319371065358246,0.5097005466611757,0.509433962264151,pinnacle,28,-108,100,,,,,,,,,,,,,,,,,,,,0.1,,,,,,,,,,,,,,,,,,,-119,0.5203531204742783,,pinnacle,,2026-07-08T16:44:08.880627+00:00,3,,2.0,-2.32,,True,True,sharp,6.31,win,,0.0,2026-07-04.v13-research1,a21ff3f3e886298451df6978c4be743c
2026-07-07,2026-07-07T17:22:38.645923+00:00,2026-07-07T23:46:00Z,mlb,Milwaukee Brewers,St. Louis Cardinals,Moneyline,Milwaukee Brewers,,-120,0.0,,,D,9,78,87,1055,False,True,3.4,False,-0.041779972073096694,0.5226654697783109,0.5220013401831584,pinnacle,26,-114,105,,,,,,,,,,,,,,,,,,,,0.1,,,,,,,,,,,,,,,,,,,-108,0.4975753321669121,,pinnacle,,2026-07-07T22:36:56.350246+00:00,1,,-4.81,-8.78,,True,True,sharp,6.39,win,,0.0,2026-07-04.v13-research1,53966d4de4d1da8972c6564664409a9b
2026-07-07,2026-07-07T17:22:38.645923+00:00,2026-07-08T00:06:00Z,mlb,Los Angeles Angels,Texas Rangers,Moneyline,Texas Rangers,,-165,0.0,,,D,7,67,74,4604,False,True,2.1,False,-0.0313876618871638,0.6030982482589358,0.6000620058905596,pinnacle,28,-158,145,,,,,,,,,,,,,,,,,,,,0.1,,,,,,,,,,,,,,,,,,,-150,0.5794328328432699,,pinnacle,,2026-07-08T16:44:08.880633+00:00,3,,-3.64,-6.94,,True,True,sharp,6.72,win,,0.0,2026-07-04.v13-research1,c6ef398cb6827a8a660c67c3f3e6dbd5
2026-07-07,2026-07-07T22:36:56.352494+00:00,2026-07-07T22:41:00Z,mlb,New York Yankees,Tampa Bay Rays,Moneyline,Tampa Bay Rays,,-138,0.0,,,D,11,58,69,11127,False,True,4.6,False,-0.048307732626185595,0.5518215667965815,0.5503313348059325,pinnacle,28,-128,118,,,,,,,,,,,,,,,,,,,,0.1,,,,,,,,,,,,,,,,,,,-138,0.5518215667965815,,pinnacle,,2026-07-07T22:36:56.352494+00:00,0,,0.0,-4.83,,False,True,sharp,0.07,loss,,-0.0,2026-07-04.v13-research1,e3cd1f3a8c40c74e867b7713af7e6365
2026-07-07,2026-07-07T22:36:56.352494+00:00,2026-07-08T01:41:00Z,mlb,Arizona Diamondbacks,San Diego Padres,Moneyline,San Diego Padres,,-120,0.0,,,D,14.2,56,70,8784,False,False,-3.4,False,-0.0438512230612762,0.5215356965120311,0.5209715506578209,pinnacle,28,-113,105,,,,,,,,,,,,,,,,,,,,0.1,,,,,,,,,,,,,,,,,,,-119,0.5203531204742783,,pinnacle,,2026-07-07T23:36:15.998626+00:00,1,,-0.38,-4.6,,True,True,sharp,3.07,loss,,-0.0,2026-07-04.v13-research1,622a46f12d0dc3b057125b0b59f00507
2026-07-08,2026-07-08T16:44:08.882996+00:00,2026-07-08T23:41:00Z,MLB,Cleveland Guardians,Minnesota Twins,Moneyline,Cleveland Guardians,,-101,1.0,Single sharp signal,sharp,A,35,42,77,4195,False,True,1.9,False,,0.479646879525722,0.48024891774891776,pinnacle,28,104,-113,108,116,0.4719,,,,,,,,,,,,,,,,,,104,110,1xBet,,,,,,,,,,0.495,0.49,0.5,-0.031,betonline,-0.0215,107,0.4596157962228559,,pinnacle,,2026-07-08T22:32:18.434517+00:00,1,,-3.86,-8.53,,True,,,6.95,loss,,-1.0,2026-07-04.v13-research1,f69a7dce841f22ee977afebfd8dfc142
2026-07-08,2026-07-08T16:44:08.882996+00:00,2026-07-09T02:11:00Z,MLB,Arizona Diamondbacks,San Diego Padres,Moneyline,Arizona Diamondbacks,,118,1.0,Single sharp signal,sharp,A,20,16,36,3730,True,True,1.5,False,,0.43728330221660283,0.43917270372733763,pinnacle,28,123,-134,126,136,0.4331,,,,,,,,,,,,,,,,,,125,133,Unibet (SE),,,,,,,,,,0.475,0.47,0.48,-0.0794,betonline,-0.0161,107,0.46175768651594523,,pinnacle,,2026-07-09T17:24:19.523799+00:00,3,,5.31,0.66,,True,,,9.45,loss,,-1.0,2026-07-04.v13-research1,8c0695707371420ef6b1cf89c2d1b262
2026-07-08,2026-07-08T16:44:08.882996+00:00,2026-07-08T22:41:00Z,mlb,Atlanta Braves,Pittsburgh Pirates,Moneyline,Atlanta Braves,,-102,0.0,,,B,24,49,73,5356,False,True,2.1,False,-0.045486676175940044,0.4819819753963075,0.4825200291332848,pinnacle,28,103,-112,,,,,,,,,,,,,,,,,,,,0.4,,,,,,,,,,,,,,,,,,,103,0.46830600245237236,,pinnacle,,2026-07-08T22:32:18.434541+00:00,1,,-2.44,-7.26,,True,True,sharp,5.95,loss,,-0.0,2026-07-04.v13-research1,f30eb3060b32a01dced2737d2398b918
2026-07-08,2026-07-08T16:44:08.882996+00:00,2026-07-08T22:41:00Z,mlb,Seattle Mariners,Miami Marlins,Moneyline,Miami Marlins,,107,0.0,,,C,10,37,47,4266,False,False,1.4,False,-0.046368906759531425,0.46069134939153067,0.461884154460719,pinnacle,28,112,-122,,,,,,,,,,,,,,,,,,,,0.4,,,,,,,,,,,,,,,,,,,106,0.46069134939153067,,pinnacle,,2026-07-08T22:32:18.434547+00:00,1,,0.49,-4.64,,True,True,sharp,5.95,win,,0.0,2026-07-04.v13-research1,ee87ced2d6a2acedec0ca6c9d37dde8c
2026-07-08,2026-07-08T16:44:08.882996+00:00,2026-07-08T22:41:00Z,mlb,New York Yankees,Tampa Bay Rays,Moneyline,Tampa Bay Rays,,-118,0.0,,,D,6,63,69,5376,False,True,2.9,False,-0.045101792371852856,0.5168715068812907,0.5164210574565122,pinnacle,28,-111,103,,,,,,,,,,,,,,,,,,,,0.4,,,,,,,,,,,,,,,,,,,-121,0.5192150162197978,,pinnacle,,2026-07-08T22:32:18.434552+00:00,1,,1.15,-4.08,,True,True,sharp,5.95,win,,0.0,2026-07-04.v13-research1,79b379f1dea98a6b1596852f00534a6c
2026-07-08,2026-07-08T16:44:08.882996+00:00,2026-07-08T22:46:00Z,mlb,Houston Astros,Washington Nationals,Moneyline,Washington Nationals,,-139,0.0,,,D,15,63,78,5740,False,True,2.3,False,-0.037484910230846546,0.559789110786244,0.5581289044644218,pinnacle,28,-132,122,,,,,,,,,,,,,,,,,,,,0.4,,,,,,,,,,,,,,,,,,,-136,0.553840628646579,,pinnacle,,2026-07-08T22:32:18.434558+00:00,1,,-0.91,-4.77,,True,True,sharp,6.03,win,,0.0,2026-07-04.v13-research1,673394fe5878e43a0bdc2feb5f6634d3
2026-07-08,2026-07-08T16:44:08.882996+00:00,2026-07-08T23:11:00Z,mlb,Kansas City Royals,New York Mets,Moneyline,Kansas City Royals,,148,0.0,,,D,7,23,30,2524,True,True,1.8,False,-0.055549739231363304,0.38082671805186963,0.38431316522608755,pinnacle,28,155,-169,,,,,,,,,,,,,,,,,,,,0.4,,,,,,,,,,,,,,,,,,,166,0.35284000092240514,,pinnacle,,2026-07-08T22:32:18.434563+00:00,1,,-6.77,-12.5,,True,True,sharp,6.45,win,,0.0,2026-07-04.v13-research1,fa2f6fc2aee410abafe5d685acfde5f3
2026-07-08,2026-07-08T16:44:08.882996+00:00,2026-07-08T23:41:00Z,mlb,Boston Red Sox,Chicago White Sox,Moneyline,Chicago White Sox,,-114,0.0,,,C,9,48,57,4978,False,True,2.7,False,-0.045530408727731175,0.5084557635749469,0.5081936510909262,pinnacle,28,-108,-101,,,,,,,,,,,,,,,,,,,,0.4,,,,,,,,,,,,,,,,,,,-112,0.5048495231106692,,pinnacle,,2026-07-08T22:32:18.434567+00:00,1,,-0.83,-5.23,,True,True,sharp,6.95,loss,,-0.0,2026-07-04.v13-research1,e8175b3e1d8e51c76f4fad9075a7d707
2026-07-08,2026-07-08T16:44:08.882996+00:00,2026-07-08T23:41:00Z,mlb,Cleveland Guardians,Minnesota Twins,Moneyline,Cleveland Guardians,,-101,0.0,,,A,35,42,77,4195,False,True,1.9,False,-0.04545521995376123,0.479646879525722,0.48024891774891776,pinnacle,28,104,-113,,,,,,,,,,,,,,,,,,,,0.4,,,,,,,,,,,,,,,,,,,107,0.4596157962228559,,pinnacle,,2026-07-08T22:32:18.434572+00:00,1,,-3.86,-8.53,,True,True,sharp,6.95,loss,,-0.0,2026-07-04.v13-research1,f69a7dce841f22ee977afebfd8dfc142
2026-07-08,2026-07-08T16:44:08.882996+00:00,2026-07-08T23:46:00Z,mlb,Milwaukee Brewers,St. Louis Cardinals,Moneyline,Milwaukee Brewers,,-147,0.0,,,D,14,79,93,4978,False,True,2.8,False,-0.03860626886347762,0.5721654999071611,0.5700820261908188,pinnacle,28,-139,128,,,,,,,,,,,,,,,,,,,,0.4,,,,,,,,,,,,,,,,,,,-139,0.5578241530505949,,pinnacle,,2026-07-09T17:24:19.523820+00:00,3,,-2.28,-6.27,,True,True,sharp,7.03,loss,,-0.0,2026-07-04.v13-research1,e885d80c0e3339f69c0a7c1b898c173e
2026-07-08,2026-07-08T16:44:08.882996+00:00,2026-07-09T00:06:00Z,mlb,Los Angeles Angels,Texas Rangers,Moneyline,Los Angeles Angels,,126,0.0,,,B,13,20,33,3317,True,False,1.3,False,-0.04951820222578962,0.4205671671567303,0.4227851625026098,pinnacle,28,132,-143,,,,,,,,,,,,,,,,,,,,0.4,,,,,,,,,,,,,,,,,,,114,0.446159371353421,,pinnacle,,2026-07-08T22:32:18.434586+00:00,1,,5.61,0.83,,True,True,sharp,7.36,loss,,-0.0,2026-07-04.v13-research1,88cb3f823f958bc6b24e7f918541e63f
2026-07-08,2026-07-08T16:44:08.882996+00:00,2026-07-09T02:11:00Z,mlb,Arizona Diamondbacks,San Diego Padres,Moneyline,Arizona Diamondbacks,,118,0.0,,,A,20,16,36,3730,True,True,1.5,False,-0.046722401167805905,0.43728330221660283,0.43917270372733763,pinnacle,28,123,-134,,,,,,,,,,,,,,,,,,,,0.4,,,,,,,,,,,,,,,,,,,107,0.46175768651594523,,pinnacle,,2026-07-09T17:24:19.523828+00:00,3,,5.31,0.66,,True,True,sharp,9.45,loss,,-0.0,2026-07-04.v13-research1,8c0695707371420ef6b1cf89c2d1b262
2026-07-08,2026-07-08T16:44:08.882996+00:00,2026-07-09T02:11:00Z,mlb,Colorado Rockies,Los Angeles Dodgers,Moneyline,Colorado Rockies,,200,0.0,,,C,10,10,20,4190,True,True,1.7,False,-0.06585465045984806,0.31138178318005066,0.3175120865628117,pinnacle,27,208,-231,,,,,,,,,,,,,,,,,,,,0.4,,,,,,,,,,,,,,,,,,,225,0.28758059651775775,,pinnacle,,2026-07-08T23:44:41.363167+00:00,2,,-7.69,-13.73,,True,True,sharp,9.45,loss,,-0.0,2026-07-04.v13-research1,49de1a8b7d85007610fb077c920e206a
2026-07-08,2026-07-08T22:32:18.438347+00:00,2026-07-08T22:41:00Z,MLB,Atlanta Braves,Pittsburgh Pirates,Moneyline,Atlanta Braves,,103,1.0,Single sharp signal,sharp,A,25,47,72,13636,False,False,-0.8,False,,0.46830600245237236,0.46920063707976417,pinnacle,28,109,-118,112,116,0.4673,,,,,,,,,,,,,,,,,,110,111,GTbets,,,,,,,,,,0.515,0.51,0.52,-0.0907,betonline,-0.0166,103,0.46830600245237236,,pinnacle,,2026-07-08T22:32:18.438347+00:00,0,,0.0,-4.93,,False,,,0.14,loss,,-1.0,2026-07-04.v13-research1,f30eb3060b32a01dced2737d2398b918
2026-07-09,2026-07-09T17:24:19.527562+00:00,2026-07-10T01:41:00Z,MLB,Arizona Diamondbacks,San Diego Padres,Moneyline,Arizona Diamondbacks,,107,1.5,"Elite sharp signal (no price edge, so not 2u)",sharp,S,30,23,53,4942,True,True,2.5,False,,0.46175768651594523,0.4628078405092981,pinnacle,28,112,-121,112,118,0.4652,,,,,,,,,,,,,,,,,,110,112,Pinnacle,,,,,,,,,,0.465,0.46,0.47,-0.007,polymarket,-0.007,106,0.4661024951609403,,pinnacle,,2026-07-09T23:49:53.745004+00:00,2,,0.49,-3.52,,True,,,8.28,win,,1.61,2026-07-04.v13-research1,ff7fcfaa73e919c6a69c375313853a91
2026-07-09,2026-07-09T17:24:19.527562+00:00,2026-07-10T01:46:00Z,MLB,Colorado Rockies,San Francisco Giants,Moneyline,Colorado Rockies,,108,1.5,"Elite sharp signal (no price edge, so not 2u)",sharp,S,29,33,62,2690,True,True,1.8,False,,0.4574938653643986,0.45864012175558383,pinnacle,28,114,-123,116,122,0.4567,,,,,,,,,,,,,,,,,,114,118,1xBet,,,,,,,,,,0.405,0.4,0.41,0.1296,polymarket,0.1296,127,0.41878910131371233,,pinnacle,,2026-07-10T17:02:37.933410+00:00,3,,-8.37,-12.89,,True,,,8.36,loss,,-1.5,2026-07-04.v13-research1,f6d5d25a3b26ed6f4b0aa584e75b872c
2026-07-09,2026-07-09T17:24:19.527562+00:00,2026-07-09T17:36:00Z,mlb,Chicago Cubs,Baltimore Orioles,Moneyline,Baltimore Orioles,,-130,0.0,,,D,7,49,56,15120,False,True,2.6,False,-0.04393563947120671,0.540384203777144,0.539285269580376,pinnacle,28,-122,113,,,,,,,,,,,,,,,,,,,,0.1,,,,,,,,,,,,,,,,,,,-130,0.540384203777144,,pinnacle,,2026-07-09T17:24:19.527562+00:00,0,,0.0,-4.39,,False,True,sharp,0.19,win,,0.0,2026-07-04.v13-research1,9f1eb41cd2972a08e88069d6c5b4bb6c
2026-07-09,2026-07-09T17:24:19.527562+00:00,2026-07-09T17:41:00Z,mlb,Cleveland Guardians,Minnesota Twins,Moneyline,Cleveland Guardians,,-123,0.0,,,D,6,61,67,10243,False,True,2.4,False,-0.05445154209607361,0.5215356965120311,0.5209715506578209,pinnacle,28,-113,105,,,,,,,,,,,,,,,,,,,,0.1,,,,,,,,,,,,,,,,,,,-123,0.5215356965120311,,pinnacle,,2026-07-09T17:24:19.527562+00:00,0,,0.0,-5.45,,False,True,sharp,0.28,win,,0.0,2026-07-04.v13-research1,a3b9b93cdd33f60538713d337711afe2
2026-07-09,2026-07-09T17:24:19.527562+00:00,2026-07-09T18:11:00Z,mlb,Boston Red Sox,Chicago White Sox,Moneyline,Chicago White Sox,,-114,0.0,,,B,20,42,62,9612,False,True,2.5,False,-0.04319371065358246,0.5097005466611757,0.509433962264151,pinnacle,28,-108,100,,,,,,,,,,,,,,,,,,,,0.1,,,,,,,,,,,,,,,,,,,-114,0.5097005466611757,,pinnacle,,2026-07-09T17:24:19.527562+00:00,0,,0.0,-4.32,,False,True,sharp,0.78,loss,,-0.0,2026-07-04.v13-research1,2c1eb8ab560fe810d23f21a2acf7cbe6
2026-07-09,2026-07-09T17:24:19.527562+00:00,2026-07-09T22:41:00Z,mlb,Seattle Mariners,Miami Marlins,Moneyline,Seattle Mariners,,-132,0.0,,,D,7,65,72,8451,False,True,1.7,False,-0.046504369428336356,0.5425061346356017,0.5413598782444161,pinnacle,28,-123,114,,,,,,,,,,,,,,,,,,,,0.1,,,,,,,,,,,,,,,,,,,-132,0.5425061346356017,,pinnacle,,2026-07-09T17:24:19.527562+00:00,0,,0.0,-4.65,,False,True,sharp,5.28,loss,,-0.0,2026-07-04.v13-research1,83cf12bed561626b784721179f647eb2
2026-07-09,2026-07-09T17:24:19.527562+00:00,2026-07-09T23:11:00Z,mlb,Philadelphia Phillies,Cincinnati Reds,Moneyline,Philadelphia Phillies,,-164,0.0,,,D,10,83,93,7941,False,True,2.8,False,-0.03957516060473287,0.5966275517455447,0.5936910132130403,pinnacle,28,-154,141,,,,,,,,,,,,,,,,,,,,0.1,,,,,,,,,,,,,,,,,,,-181,0.6162199329614026,,pinnacle,,2026-07-09T22:49:14.006170+00:00,1,,3.69,-0.8,,True,True,sharp,5.78,win,,0.0,2026-07-04.v13-research1,6bfe03bb9d1e3ada87b6238cd7203d64
2026-07-09,2026-07-09T17:24:19.527562+00:00,2026-07-10T01:41:00Z,mlb,Arizona Diamondbacks,San Diego Padres,Moneyline,Arizona Diamondbacks,,107,0.0,,,S,30,23,53,4942,True,True,2.5,False,-0.04416158891199329,0.46175768651594523,0.4628078405092981,pinnacle,28,112,-121,,,,,,,,,,,,,,,,,,,,0.1,,,,,,,,,,,,,,,,,,,106,0.4661024951609403,,pinnacle,,2026-07-09T23:49:53.745040+00:00,2,,0.49,-3.52,,True,True,sharp,8.28,win,,0.0,2026-07-04.v13-research1,ff7fcfaa73e919c6a69c375313853a91
2026-07-09,2026-07-09T17:24:19.527562+00:00,2026-07-10T01:46:00Z,mlb,Colorado Rockies,San Francisco Giants,Moneyline,Colorado Rockies,,108,0.0,,,S,29,33,62,2690,True,True,1.8,False,-0.04841276004205086,0.4574938653643986,0.45864012175558383,pinnacle,28,114,-123,,,,,,,,,,,,,,,,,,,,0.1,,,,,,,,,,,,,,,,,,,127,0.41878910131371233,,pinnacle,,2026-07-10T17:02:37.933432+00:00,3,,-8.37,-12.89,,True,True,sharp,8.36,loss,,-0.0,2026-07-04.v13-research1,f6d5d25a3b26ed6f4b0aa584e75b872c
2026-07-09,2026-07-09T22:49:14.009994+00:00,2026-07-09T23:46:00Z,mlb,Milwaukee Brewers,St. Louis Cardinals,Moneyline,Milwaukee Brewers,,-133,0.0,,,D,11,73,84,12313,False,True,2.8,False,-0.040447188108421406,0.5477275707363947,0.5463304962261121,pinnacle,27,-126,116,,,,,,,,,,,,,,,,,,,,0.2,,,,,,,,,,,,,,,,,,,-133,0.5477275707363947,,pinnacle,,2026-07-09T22:49:14.009994+00:00,0,,0.0,-4.04,,False,True,sharp,0.95,win,,0.0,2026-07-04.v13-research1,cea3285cc6f53d314e7111cbd078141b
2026-07-10,2026-07-10T17:02:37.938266+00:00,2026-07-10T23:16:00Z,MLB,Boston Red Sox,New York Mets,Moneyline,Boston Red Sox,,122,1.0,Single sharp signal,sharp,A,37,51,88,5790,False,True,2.3,False,,0.4259939981622869,0.4281127363539065,pinnacle,28,129,-140,128,136,0.4312,,,,,,,,,,,,,,,,,,131,133,GTbets,,,,,,,,,,0.435,0.43,0.44,-0.0207,betonline,-0.016,130,0.4151835373037916,,pinnacle,,2026-07-11T16:00:30.072659+00:00,3,,-3.48,-7.83,,True,,,6.22,win,,1.22,2026-07-04.v13-research1,76ab48541c0690199e815574c469d162
2026-07-10,2026-07-10T17:02:37.938266+00:00,2026-07-10T22:41:00Z,mlb,Philadelphia Phillies,Detroit Tigers,Moneyline,Philadelphia Phillies,,-101,0.0,,,D,7,41,48,6154,False,True,52.0,False,-0.04545521995376123,0.479646879525722,0.48024891774891776,pinnacle,28,104,-113,,,,,,,,,,,,,,,,,,,,0.4,,,,,,,,,,,,,,,,,,,-145,0.566546358020616,,pinnacle,,2026-07-11T16:00:30.072705+00:00,2,,17.78,12.75,,True,True,sharp,5.64,loss,,-0.0,2026-07-04.v13-research1,895dfbfbbb57ff9ecc3cb430a9c69076
2026-07-10,2026-07-10T17:02:37.938266+00:00,2026-07-10T23:06:00Z,mlb,Kansas City Royals,Baltimore Orioles,Moneyline,Baltimore Orioles,,-148,0.0,,,D,8,81,89,4806,False,True,3.4,False,-0.038152105028696814,0.5740060018377132,0.5718872636460934,pinnacle,28,-140,129,,,,,,,,,,,,,,,,,,,,0.4,,,,,,,,,,,,,,,,,,,-155,0.5856195218559939,,pinnacle,,2026-07-11T16:00:30.072716+00:00,2,,1.85,-1.87,,True,True,sharp,6.06,win,,0.0,2026-07-04.v13-research1,b11bed54d0340b0a1865d2f8d41bb050
2026-07-10,2026-07-10T17:02:37.938266+00:00,2026-07-10T23:11:00Z,mlb,Cleveland Guardians,Miami Marlins,Moneyline,Miami Marlins,,-121,0.0,,,D,12,73,85,6048,False,True,2.0,False,-0.03908852014075459,0.5261099052623018,0.5254386933009602,pinnacle,28,-115,107,,,,,,,,,,,,,,,,,,,,0.4,,,,,,,,,,,,,,,,,,,-152,0.5794328328432699,,pinnacle,,2026-07-11T16:00:30.072722+00:00,2,,10.17,5.83,,True,True,sharp,6.14,loss,,-0.0,2026-07-04.v13-research1,e1b31472ec00cc3475d077ee22298ef8
2026-07-10,2026-07-10T17:02:37.938266+00:00,2026-07-10T23:11:00Z,mlb,Seattle Mariners,Tampa Bay Rays,Moneyline,Tampa Bay Rays,,-122,0.0,,,D,8,82,90,6820,False,True,1.9,False,-0.0489202107312704,0.5226654697783109,0.5220013401831584,pinnacle,28,-114,105,,,,,,,,,,,,,,,,,,,,0.4,,,,,,,,,,,,,,,,,,,-116,0.5145048262112131,,pinnacle,,2026-07-11T16:00:30.072728+00:00,2,,-2.28,-6.38,,True,True,sharp,6.14,win,,0.0,2026-07-04.v13-research1,781ce9e5ac0cd1e3339085c1fb7d7b39
2026-07-10,2026-07-10T17:02:37.938266+00:00,2026-07-10T23:16:00Z,mlb,Boston Red Sox,New York Mets,Moneyline,Boston Red Sox,,122,0.0,,,A,37,51,88,5790,False,True,2.3,False,-0.054293324079723204,0.4259939981622869,0.4281127363539065,pinnacle,28,129,-140,,,,,,,,,,,,,,,,,,,,0.4,,,,,,,,,,,,,,,,,,,130,0.4151835373037916,,pinnacle,,2026-07-11T16:00:30.072733+00:00,3,,-3.48,-7.83,,True,True,sharp,6.22,win,,0.0,2026-07-04.v13-research1,76ab48541c0690199e815574c469d162
2026-07-10,2026-07-10T17:02:37.938266+00:00,2026-07-11T00:06:00Z,mlb,Houston Astros,Texas Rangers,Moneyline,Houston Astros,,-141,0.0,,,D,7,65,72,4054,False,True,2.7,False,-0.038193445632632606,0.5627166977833975,0.5608272962726625,pinnacle,28,-134,123,,,,,,,,,,,,,,,,,,,,0.4,,,,,,,,,,,,,,,,,,,-104,0.4867217800149595,,pinnacle,,2026-07-11T16:00:30.072738+00:00,3,,-12.86,-16.81,,True,True,sharp,7.06,loss,,-0.0,2026-07-04.v13-research1,583d3f0f064fd76fdea2bc583f0eb548
2026-07-10,2026-07-10T17:02:37.938266+00:00,2026-07-11T00:11:00Z,mlb,Los Angeles Angels,Minnesota Twins,Moneyline,Los Angeles Angels,,121,0.0,,,B,17,12,29,5084,True,True,1.6,False,-0.05448575479482576,0.427834500092839,0.4299179738091811,pinnacle,28,128,-139,,,,,,,,,,,,,,,,,,,,0.4,,,,,,,,,,,,,,,,,,,148,0.3852741571921825,,pinnacle,,2026-07-11T16:00:30.072743+00:00,3,,-10.89,-14.85,,True,True,sharp,7.14,win,,0.0,2026-07-04.v13-research1,2461d70fb5485aced0029aaea219afeb
2026-07-10,2026-07-10T17:02:37.938266+00:00,2026-07-11T00:16:00Z,mlb,Atlanta Braves,St. Louis Cardinals,Moneyline,Atlanta Braves,,-165,0.0,,,D,9,83,92,3998,False,True,2.1,False,-0.024999816170602984,0.6070755861579265,0.6037469446004828,pinnacle,28,-161,147,,,,,,,,,,,,,,,,,,,,0.4,,,,,,,,,,,,,,,,,,,-107,0.4902994533388244,,pinnacle,,2026-07-11T16:00:30.072748+00:00,3,,-16.98,-21.25,,True,True,sharp,7.22,loss,,-0.0,2026-07-04.v13-research1,2ac65fed3f431f0601c2e788aee18cab
2026-07-10,2026-07-10T17:02:37.938266+00:00,2026-07-11T01:41:00Z,mlb,Toronto Blue Jays,San Diego Padres,Moneyline,San Diego Padres,,-125,0.0,,,D,6,54,60,4715,False,True,2.3,False,-0.0389844912896925,0.5338975048390597,0.5329494561740244,pinnacle,28,-119,110,,,,,,,,,,,,,,,,,,,,0.4,,,,,,,,,,,,,,,,,,,-113,0.5072747534244936,,pinnacle,,2026-07-11T16:00:30.072753+00:00,3,,-4.51,-8.69,,True,True,sharp,8.64,loss,,-0.0,2026-07-04.v13-research1,cc0b13e921789925a1c0502553d4ec9b
2026-07-10,2026-07-10T17:02:37.938266+00:00,2026-07-11T02:11:00Z,mlb,Arizona Diamondbacks,Los Angeles Dodgers,Moneyline,Arizona Diamondbacks,,215,0.0,,,D,8,5,13,4649,True,True,1.7,False,-0.0737096615495555,0.29406042490490303,0.3008356545961003,pinnacle,27,225,-251,,,,,,,,,,,,,,,,,,,,0.4,,,,,,,,,,,,,,,,,,,230,0.27854288903201246,,pinnacle,,2026-07-11T16:00:30.072759+00:00,3,,-4.55,-12.26,,True,True,sharp,9.14,win,,0.0,2026-07-04.v13-research1,ca5e8cb9be664ff91b121c15379d7ce9
2026-07-10,2026-07-10T17:02:37.938266+00:00,2026-07-11T02:16:00Z,mlb,Colorado Rockies,San Francisco Giants,Moneyline,San Francisco Giants,,-152,0.0,,,D,8,78,86,4493,False,True,3.0,False,-0.03641351007273308,0.581210898686288,0.578961899503037,pinnacle,28,-144,133,,,,,,,,,,,,,,,,,,,,0.4,,,,,,,,,,,,,,,,,,,-152,0.5803487009573252,,pinnacle,,2026-07-10T22:31:32.423174+00:00,1,,0.0,-3.78,,True,True,sharp,9.22,win,,0.0,2026-07-04.v13-research1,976819aa47554213e70bc968d9356fc4
2026-07-10,2026-07-10T22:31:32.429028+00:00,2026-07-10T23:41:00Z,mlb,Athletics,Chicago White Sox,Moneyline,Chicago White Sox,,-180,0.0,,,D,6,90,96,13878,False,True,15.0,False,-0.0391296514694639,0.6177023669124875,0.6142330723169047,pinnacle,28,-168,154,,,,,,,,,,,,,,,,,,,,0.1,,,,,,,,,,,,,,,,,,,-124,0.524955407254382,,pinnacle,,2026-07-11T16:00:30.072769+00:00,2,,-13.89,-18.34,,True,True,sharp,1.16,win,,0.0,2026-07-04.v13-research1,c710eb874e3d11ac6f032fbc186f2e5f
2026-07-11,2026-07-11T16:00:30.078692+00:00,2026-07-11T16:06:00Z,mlb,Milwaukee Brewers,Pittsburgh Pirates,Moneyline,Milwaukee Brewers,,-107,0.0,,,D,24,58,82,2473,False,True,2.0,False,-0.07208500876799573,0.479646879525722,0.48024891774891776,pinnacle,27,104,-113,,,,,,,,,,,,,,,,,,,,0.2,,,,,,,,,,,,,,,,,,,-107,0.479646879525722,,pinnacle,,2026-07-11T16:00:30.078692+00:00,0,,0.0,-7.21,,False,True,sharp,0.09,loss,,-0.0,2026-07-04.v13-research1,1ff6b7060ccd99869ddc9396d067920c
2026-07-11,2026-07-11T16:00:30.078692+00:00,2026-07-11T18:11:00Z,mlb,Athletics,Chicago White Sox,Moneyline,Chicago White Sox,,-124,0.0,,,D,20,63,83,5583,False,True,2.1,False,-0.05169345786305202,0.524955407254382,0.5242310245629564,pinnacle,28,-115,106,,,,,,,,,,,,,,,,,,,,0.2,,,,,,,,,,,,,,,,,,,-119,0.518642611325332,,consensus,,2026-07-11T22:13:28.180825+00:00,1,,-1.84,-6.31,,True,True,sharp,2.17,win,,0.0,2026-07-04.v13-research1,8ec769ee362e5e0e25ac93ee886cdfd4
2026-07-11,2026-07-11T16:00:30.078692+00:00,2026-07-11T18:11:00Z,mlb,Los Angeles Angels,Minnesota Twins,Moneyline,Minnesota Twins,,-180,0.0,,,D,20,68,88,6018,False,True,3.2,False,-0.043759800076728195,0.6147258428078176,0.6112929623567921,pinnacle,28,-166,152,,,,,,,,,,,,,,,,,,,,0.2,,,,,,,,,,,,,,,,,,,-133,0.5544013247567373,,consensus,,2026-07-11T22:13:28.180840+00:00,1,,-11.21,-13.76,,True,True,sharp,2.17,win,,0.0,2026-07-04.v13-research1,39a35ef6ca846e78caf1d3d4063cba8b
2026-07-11,2026-07-11T16:00:30.078692+00:00,2026-07-11T20:05:00Z,mlb,New York Yankees,Washington Nationals,Moneyline,Washington Nationals,,165,0.0,,,D,7,13,20,6164,True,True,1.7,False,-0.056422636490850664,0.3560669296260941,0.36028823058446763,pinnacle,28,172,-188,,,,,,,,,,,,,,,,,,,,0.2,,,,,,,,,,,,,,,,,,,165,0.3560669296260941,,pinnacle,,2026-07-11T16:00:30.078692+00:00,0,,0.0,-5.64,,False,True,sharp,4.07,loss,,-0.0,2026-07-04.v13-research1,93986de15fc102a4875daaf7e6250f9e
2026-07-11,2026-07-11T16:00:30.078692+00:00,2026-07-11T20:06:00Z,mlb,Colorado Rockies,San Francisco Giants,Moneyline,San Francisco Giants,,-149,0.0,,,D,15,64,79,4427,False,True,2.5,False,-0.03468304609537831,0.5776394623766612,0.5754534928598997,pinnacle,28,-142,131,,,,,,,,,,,,,,,,,,,,0.2,,,,,,,,,,,,,,,,,,,-144,0.581120435899236,,consensus,,2026-07-11T23:35:59.823902+00:00,1,,-1.38,-2.89,,True,True,sharp,4.09,win,,0.0,2026-07-04.v13-research1,def5adac76d2258bb7ff1a427e09f8a8
2026-07-11,2026-07-11T16:00:30.078692+00:00,2026-07-11T20:06:00Z,mlb,Milwaukee Brewers,Pittsburgh Pirates,Moneyline,Milwaukee Brewers,,-133,0.0,,,D,24,58,82,2473,False,True,2.0,False,-0.040447188108421406,0.5477275707363947,0.5463304962261121,pinnacle,26,-126,116,,,,,,,,,,,,,,,,,,,,0.2,,,,,,,,,,,,,,,,,,,-133,0.5477275707363947,,pinnacle,,2026-07-11T16:00:30.078692+00:00,0,,0.0,-4.04,,False,True,sharp,4.09,loss,,-0.0,2026-07-04.v13-research1,3e0030b3cd282b42e4c204a9e30ec8f4
2026-07-11,2026-07-11T16:00:30.078692+00:00,2026-07-11T20:11:00Z,mlb,Boston Red Sox,New York Mets,Moneyline,Boston Red Sox,,130,0.0,,,C,9,54,63,4291,False,True,1.6,False,-0.04507786420127946,0.4151835373037916,0.41832534916672287,pinnacle,28,133,-148,,,,,,,,,,,,,,,,,,,,0.2,,,,,,,,,,,,,,,,,,,130,0.4151835373037916,,pinnacle,,2026-07-11T16:00:30.078692+00:00,0,,0.0,-4.51,,False,True,sharp,4.17,win,,0.0,2026-07-04.v13-research1,ff676cfabd491a806f9fad9a93924adb
2026-07-11,2026-07-11T16:00:30.078692+00:00,2026-07-11T20:11:00Z,mlb,Seattle Mariners,Tampa Bay Rays,Moneyline,Tampa Bay Rays,,-116,0.0,,,D,10,58,68,5997,False,True,2.1,False,-0.04195653050325843,0.5145048262112131,0.5141138361869505,pinnacle,28,-110,102,,,,,,,,,,,,,,,,,,,,0.2,,,,,,,,,,,,,,,,,,,-116,0.5145048262112131,,pinnacle,,2026-07-11T16:00:30.078692+00:00,0,,0.0,-4.2,,False,True,sharp,4.17,win,,0.0,2026-07-04.v13-research1,93a5e6119186fda8b8ae5e4ec2abd550
2026-07-11,2026-07-11T16:00:30.078692+00:00,2026-07-11T23:06:00Z,mlb,Kansas City Royals,Baltimore Orioles,Moneyline,Baltimore Orioles,,-155,0.0,,,D,7,64,71,3256,False,True,2.6,False,-0.03656143178530047,0.5856195218559939,0.5830871803527724,pinnacle,28,-147,135,,,,,,,,,,,,,,,,,,,,0.2,,,,,,,,,,,,,,,,,,,-164,0.5998893203949751,,pinnacle,,2026-07-11T22:13:28.180854+00:00,1,,2.2,-1.31,,True,True,sharp,7.09,win,,0.0,2026-07-04.v13-research1,09d58ac97a07ac9cc6bc658cf72f08a3
2026-07-11,2026-07-11T16:00:30.078692+00:00,2026-07-11T23:06:00Z,mlb,Houston Astros,Texas Rangers,Moneyline,Houston Astros,,-104,0.0,,,B,17,47,64,3130,False,True,51.3,False,-0.04527650843219466,0.4867217800149595,0.48712595685455806,pinnacle,28,101,-110,,,,,,,,,,,,,,,,,,,,0.2,,,,,,,,,,,,,,,,,,,103,0.4705306473393603,,pinnacle,,2026-07-11T22:13:28.180858+00:00,1,,-3.37,-7.7,,True,True,sharp,7.09,loss,,-0.0,2026-07-04.v13-research1,3e2ce9905fcaa6c74169c61fcb777080
2026-07-11,2026-07-11T16:00:30.078692+00:00,2026-07-11T23:11:00Z,mlb,Chicago Cubs,Cincinnati Reds,Moneyline,Chicago Cubs,,-104,0.0,,,D,12,59,71,4619,False,True,2.5,False,-0.04527650843219466,0.4867217800149595,0.48712595685455806,pinnacle,28,101,-110,,,,,,,,,,,,,,,,,,,,0.2,,,,,,,,,,,,,,,,,,,100,0.479646879525722,,pinnacle,,2026-07-11T22:13:28.180862+00:00,1,,-1.92,-5.92,,True,True,sharp,7.17,loss,,-0.0,2026-07-04.v13-research1,27168ae4cc8b352a2cb7e3f6dab8b610
2026-07-11,2026-07-11T16:00:30.078692+00:00,2026-07-11T23:15:00Z,mlb,Atlanta Braves,St. Louis Cardinals,Moneyline,Atlanta Braves,,-107,0.0,,,D,26,60,86,4286,False,True,3.3,False,-0.05147675849404998,0.4902994533388244,0.4905660377358491,pinnacle,28,100,-108,,,,,,,,,,,,,,,,,,,,0.2,,,,,,,,,,,,,,,,,,,-109,0.4927252465755065,,pinnacle,,2026-07-11T22:13:28.180866+00:00,1,,0.89,-4.68,,True,True,sharp,7.24,loss,,-0.0,2026-07-04.v13-research1,a2501dff8c71ab28b0051fafeed81903
2026-07-11,2026-07-11T16:00:30.078692+00:00,2026-07-12T00:41:00Z,mlb,Toronto Blue Jays,San Diego Padres,Moneyline,Toronto Blue Jays,,-107,0.0,,,D,7,60,67,4240,False,True,2.5,False,-0.04678386877448737,0.4927252465755065,0.4929268637713962,pinnacle,28,-101,-107,,,,,,,,,,,,,,,,,,,,0.2,,,,,,,,,,,,,,,,,,,-108,0.4951504768893307,,pinnacle,,2026-07-11T22:13:28.180870+00:00,1,,0.45,-4.21,,True,True,sharp,8.67,win,,0.0,2026-07-04.v13-research1,db5e5f99da28e0ea52c06c7694fb5ad1
2026-07-12,2026-07-12T16:03:18.571767+00:00,2026-07-12T18:11:00Z,MLB,Athletics,Chicago White Sox,Moneyline,Athletics,,124,1.5,"Elite sharp signal (no price edge, so not 2u)",sharp,S,29,23,52,6326,True,True,2.3,False,,0.424169413256286,0.42632230673978416,pinnacle,28,130,-141,134,136,0.4255,,,,,,,,,,,,,,,,,,131,133,GTbets,,,,,,,,,,0.425,0.42,0.43,-0.002,polymarket,-0.002,124,0.424169413256286,,pinnacle,,2026-07-12T16:03:18.571767+00:00,0,,0.0,-4.99,,False,,,2.13,loss,,-1.5,2026-07-04.v13-research1,161be820330ad3e3e7e2ab5b0add2ff4
2026-07-12,2026-07-12T16:03:18.571767+00:00,2026-07-12T18:16:00Z,MLB,Atlanta Braves,St. Louis Cardinals,Moneyline,Atlanta Braves,,112,1.5,"Elite sharp signal (no price edge, so not 2u)",sharp,S,41,34,75,4952,True,True,2.1,False,,0.446159371353421,0.44769408222713136,pinnacle,28,119,-129,122,124,0.4484,,,,,,,,,,,,,,,,,,119,121,GTbets,,,,,,,,,,0.455,0.45,0.46,-0.0194,polymarket,-0.0194,112,0.446159371353421,,pinnacle,,2026-07-12T16:03:18.571767+00:00,0,,0.0,-5.41,,False,,,2.21,win,,1.68,2026-07-04.v13-research1,16afd7bc765cb79fe5e887e2e28e0b20
2026-07-12,2026-07-12T16:03:18.571767+00:00,2026-07-12T16:16:00Z,mlb,Milwaukee Brewers,Pittsburgh Pirates,Moneyline,Milwaukee Brewers,,105,0.0,,,B,13,36,49,10354,False,False,0.7,False,-0.03541217295431154,0.4705306473393603,0.4713702319923538,pinnacle,28,108,-117,,,,,,,,,,,,,,,,,,,,0.2,,,,,,,,,,,,,,,,,,,105,0.4705306473393603,,pinnacle,,2026-07-12T16:03:18.571767+00:00,0,,0.0,-3.54,,False,True,sharp,0.21,loss,,-0.0,2026-07-04.v13-research1,7446dc66dc13eb736b1b6a5a61b450e4
2026-07-12,2026-07-12T16:03:18.571767+00:00,2026-07-12T17:36:00Z,mlb,Kansas City Royals,Baltimore Orioles,Moneyline,Kansas City Royals,,130,0.0,,,D,8,16,24,7487,True,True,2.0,False,-0.04291825541027261,0.4161224976477076,0.41862364713089645,pinnacle,28,134,-146,,,,,,,,,,,,,,,,,,,,0.2,,,,,,,,,,,,,,,,,,,130,0.4161224976477076,,pinnacle,,2026-07-12T16:03:18.571767+00:00,0,,0.0,-4.29,,False,True,sharp,1.54,loss,,-0.0,2026-07-04.v13-research1,9cabe1742d3e487a116781a9b61b41ce
2026-07-12,2026-07-12T16:03:18.571767+00:00,2026-07-12T17:36:00Z,mlb,New York Yankees,Washington Nationals,Moneyline,Washington Nationals,,-123,0.0,,,B,17,20,37,10218,True,False,0.9,False,-0.04006775899737669,0.5294693526606398,0.5286297680076462,pinnacle,28,-117,108,,,,,,,,,,,,,,,,,,,,0.2,,,,,,,,,,,,,,,,,,,-123,0.5294693526606398,,pinnacle,,2026-07-12T16:03:18.571767+00:00,0,,0.0,-4.01,,False,True,sharp,1.54,loss,,-0.0,2026-07-04.v13-research1,32eb2951f81d870c61eae4eb3afb7ea8
2026-07-12,2026-07-12T16:03:18.571767+00:00,2026-07-12T17:41:00Z,mlb,Cleveland Guardians,Miami Marlins,Moneyline,Miami Marlins,,-113,0.0,,,D,6,44,50,4589,False,True,2.7,False,-0.043809535580379366,0.5072747534244936,0.5070731362286036,pinnacle,28,-107,-101,,,,,,,,,,,,,,,,,,,,0.2,,,,,,,,,,,,,,,,,,,-113,0.5072747534244936,,pinnacle,,2026-07-12T16:03:18.571767+00:00,0,,0.0,-4.38,,False,True,sharp,1.63,loss,,-0.0,2026-07-04.v13-research1,fe2a389f5cf40c61156a794804ec0fff
2026-07-12,2026-07-12T16:03:18.571767+00:00,2026-07-12T17:41:00Z,mlb,Philadelphia Phillies,Detroit Tigers,Moneyline,Philadelphia Phillies,,113,0.0,,,B,18,53,71,13823,False,True,1.9,False,-0.04537993727671863,0.4481784332034185,0.4496686651940676,pinnacle,28,118,-128,,,,,,,,,,,,,,,,,,,,0.2,,,,,,,,,,,,,,,,,,,113,0.4481784332034185,,pinnacle,,2026-07-12T16:03:18.571767+00:00,0,,0.0,-4.54,,False,True,sharp,1.63,win,,0.0,2026-07-04.v13-research1,44263373c8152cfeef60f3501f9f0cbc
2026-07-12,2026-07-12T16:03:18.571767+00:00,2026-07-12T18:11:00Z,mlb,Athletics,Chicago White Sox,Moneyline,Athletics,,124,0.0,,,S,29,23,52,6326,True,True,2.3,False,-0.04986051430591931,0.424169413256286,0.42632230673978416,pinnacle,28,130,-141,,,,,,,,,,,,,,,,,,,,0.2,,,,,,,,,,,,,,,,,,,124,0.424169413256286,,pinnacle,,2026-07-12T16:03:18.571767+00:00,0,,0.0,-4.99,,False,True,sharp,2.13,loss,,-0.0,2026-07-04.v13-research1,161be820330ad3e3e7e2ab5b0add2ff4
2026-07-12,2026-07-12T16:03:18.571767+00:00,2026-07-12T18:11:00Z,mlb,Los Angeles Angels,Minnesota Twins,Moneyline,Los Angeles Angels,,113,0.0,,,B,13,15,28,5316,True,True,1.9,False,-0.04537993727671863,0.4481784332034185,0.4496686651940676,pinnacle,28,118,-128,,,,,,,,,,,,,,,,,,,,0.2,,,,,,,,,,,,,,,,,,,113,0.4481784332034185,,pinnacle,,2026-07-12T16:03:18.571767+00:00,0,,0.0,-4.54,,False,True,sharp,2.13,loss,,-0.0,2026-07-04.v13-research1,b4977d853e9f601495f2a4a03c741589
2026-07-12,2026-07-12T16:03:18.571767+00:00,2026-07-12T18:16:00Z,mlb,Atlanta Braves,St. Louis Cardinals,Moneyline,Atlanta Braves,,112,0.0,,,S,41,34,75,4952,True,True,2.1,False,-0.054142132730747417,0.446159371353421,0.44769408222713136,pinnacle,28,119,-129,,,,,,,,,,,,,,,,,,,,0.2,,,,,,,,,,,,,,,,,,,112,0.446159371353421,,pinnacle,,2026-07-12T16:03:18.571767+00:00,0,,0.0,-5.41,,False,True,sharp,2.21,win,,0.0,2026-07-04.v13-research1,16afd7bc765cb79fe5e887e2e28e0b20
2026-07-12,2026-07-12T16:03:18.571767+00:00,2026-07-12T18:36:00Z,mlb,Houston Astros,Texas Rangers,Moneyline,Texas Rangers,,-140,0.0,,,D,7,50,57,4796,False,False,1.4,False,-0.037023106084655644,0.5617365214506175,0.5600370097622689,pinnacle,28,-133,123,,,,,,,,,,,,,,,,,,,,0.2,,,,,,,,,,,,,,,,,,,-140,0.5617365214506175,,pinnacle,,2026-07-12T16:03:18.571767+00:00,0,,0.0,-3.7,,False,True,sharp,2.54,win,,0.0,2026-07-04.v13-research1,180ee18000bc994ba8c23c2ebc9ef746
2026-07-12,2026-07-12T16:03:18.571767+00:00,2026-07-12T20:06:00Z,mlb,Colorado Rockies,San Francisco Giants,Moneyline,Colorado Rockies,,120,0.0,,,B,15,13,28,4205,True,True,2.1,False,-0.0464019876453553,0.4334536419793839,0.4354243542435424,pinnacle,28,125,-136,,,,,,,,,,,,,,,,,,,,0.2,,,,,,,,,,,,,,,,,,,120,0.4334536419793839,,pinnacle,,2026-07-12T16:03:18.571767+00:00,0,,0.0,-4.64,,False,True,sharp,4.04,loss,,-0.0,2026-07-04.v13-research1,9d71a179d7d4dd618d4fae5516f00d95
2026-07-16,2026-07-16T16:22:22.441713+00:00,2026-07-16T23:11:00Z,mlb,New York Mets,Philadelphia Phillies,Moneyline,New York Mets,,111,0.0,,,B,18,19,37,12576,True,True,2.3,False,-0.04570517425379239,0.45227242926360545,0.45366950377388787,pinnacle,28,116,-126,,,,,,,,,,,,,,,,,,,,0.6,,,,,,,,,,,,,,,,,,,111,0.45227242926360545,,pinnacle,,2026-07-16T16:22:22.441713+00:00,0,,0.0,-4.57,,False,True,sharp,6.81,win,,0.0,2026-07-04.v13-research1,7ad2e88701ead09625333188a5b653b2
2026-07-17,2026-07-17T16:20:07.276590+00:00,2026-07-17T23:06:00Z,mlb,Los Angeles Dodgers,New York Yankees,Moneyline,New York Yankees,,-107,0.0,,,D,8,40,48,6871,False,True,2.7,False,-0.04678386877448737,0.4927252465755065,0.4929268637713962,pinnacle,27,-101,-107,,,,,,,,,,,,,,,,,,,,0.2,,,,,,,,,,,,,,,,,,,-115,0.5121146249459602,,pinnacle,,2026-07-18T16:01:23.912203+00:00,2,,3.48,-0.93,,True,True,sharp,6.76,loss,,-0.0,2026-07-04.v13-research1,f20d3f5cf3efbb324f11686e68db809c
2026-07-17,2026-07-17T16:20:07.276590+00:00,2026-07-17T23:16:00Z,mlb,Texas Rangers,Atlanta Braves,Moneyline,Atlanta Braves,,-218,0.0,,,D,11,77,88,5028,False,True,2.0,False,-0.03393277999332944,0.6622724967341327,0.6574416298566664,pinnacle,28,-204,186,,,,,,,,,,,,,,,,,,,,0.2,,,,,,,,,,,,,,,,,,,-116,0.5145048262112131,,pinnacle,,2026-07-18T16:01:23.912221+00:00,2,,-21.66,-24.95,,True,True,sharp,6.93,win,,0.0,2026-07-04.v13-research1,218dcb584dbeb2e0c6f3ec5b029b0521
2026-07-17,2026-07-17T16:20:07.276590+00:00,2026-07-18T00:11:00Z,mlb,Baltimore Orioles,Houston Astros,Moneyline,Houston Astros,,-118,0.0,,,D,20,59,79,4084,False,True,1.8,False,-0.045101792371852856,0.5168715068812907,0.5164210574565122,pinnacle,28,-111,103,,,,,,,,,,,,,,,,,,,,0.2,,,,,,,,,,,,,,,,,,,-112,0.5048495231106692,,pinnacle,,2026-07-18T16:01:23.912231+00:00,3,,-2.4,-6.73,,True,True,sharp,7.85,loss,,-0.0,2026-07-04.v13-research1,dbf668de78fe1352520d4e2011c77603
2026-07-17,2026-07-17T16:20:07.276590+00:00,2026-07-18T00:11:00Z,mlb,San Diego Padres,Kansas City Royals,Moneyline,San Diego Padres,,-124,0.0,,,D,20,70,90,5361,False,False,1.4,False,-0.039520520559123806,0.5316939975476279,0.5307993629202359,pinnacle,28,-118,109,,,,,,,,,,,,,,,,,,,,0.2,,,,,,,,,,,,,,,,,,,-111,0.5024246678330881,,pinnacle,,2026-07-18T16:01:23.912237+00:00,3,,-4.97,-9.24,,True,True,sharp,7.85,loss,,-0.0,2026-07-04.v13-research1,704ba175e571a9f003f1c83cd86e48e6
2026-07-17,2026-07-17T16:20:07.276590+00:00,2026-07-18T01:39:00Z,mlb,Detroit Tigers,Los Angeles Angels,Moneyline,Detroit Tigers,,-112,0.0,,,D,9,87,96,5079,False,True,2.9,False,-0.04439197411194762,0.5048495231106692,0.5047143126532152,pinnacle,28,-106,-102,,,,,,,,,,,,,,,,,,,,0.2,,,,,,,,,,,,,,,,,,,-200,0.6458967497204122,,pinnacle,,2026-07-18T16:01:23.912242+00:00,3,,26.19,22.26,,True,True,sharp,9.31,win,,0.0,2026-07-04.v13-research1,e047c3dd3d688fead07d77b8b32852af
2026-07-17,2026-07-17T16:20:07.276590+00:00,2026-07-18T01:41:00Z,mlb,St. Louis Cardinals,Arizona Diamondbacks,Moneyline,St. Louis Cardinals,,-112,0.0,,,D,8,44,52,3306,False,True,1.9,False,-0.04439197411194762,0.5048495231106692,0.5047143126532152,pinnacle,28,-106,-102,,,,,,,,,,,,,,,,,,,,0.2,,,,,,,,,,,,,,,,,,,102,0.4727767389956,,pinnacle,,2026-07-18T16:01:23.912248+00:00,3,,-6.29,-10.51,,True,True,sharp,9.35,win,,0.0,2026-07-04.v13-research1,2e309c8e4682895ea0516d055b78f53a
2026-07-17,2026-07-17T16:20:07.276590+00:00,2026-07-18T01:41:00Z,mlb,Washington Nationals,Athletics,Moneyline,Washington Nationals,,-135,0.0,,,D,19,59,78,5846,False,True,2.4,False,-0.03942171705780273,0.5518215667965815,0.5503313348059325,pinnacle,28,-128,118,,,,,,,,,,,,,,,,,,,,0.2,,,,,,,,,,,,,,,,,,,-116,0.5145048262112131,,pinnacle,,2026-07-18T16:01:23.912253+00:00,3,,-6.52,-10.44,,True,True,sharp,9.35,win,,0.0,2026-07-04.v13-research1,e0989f5a2163779f2b0c456d7f844ce9
2026-07-17,2026-07-17T22:13:51.171464+00:00,2026-07-17T23:11:00Z,mlb,Tampa Bay Rays,Boston Red Sox,Moneyline,Boston Red Sox,,-130,0.0,,,D,8,54,62,3826,False,True,4.9,False,-0.036462085120202214,0.54460838667119,0.5434162250305749,pinnacle,28,-124,115,,,,,,,,,,,,,,,,,,,,0.1,,,,,,,,,,,,,,,,,,,-130,0.54460838667119,,pinnacle,,2026-07-17T22:13:51.171464+00:00,0,,0.0,-3.65,,False,True,sharp,0.95,win,,0.0,2026-07-04.v13-research1,9d0976062d4e6d31f94ff2c8b3baff89
2026-07-17,2026-07-17T22:13:51.171464+00:00,2026-07-17T23:16:00Z,mlb,Chicago White Sox,Toronto Blue Jays,Moneyline,Toronto Blue Jays,,-136,0.0,,,D,8,64,72,10354,False,True,8.7,False,-0.03892361499564223,0.553840628646579,0.5523059177728685,pinnacle,28,-129,119,,,,,,,,,,,,,,,,,,,,0.1,,,,,,,,,,,,,,,,,,,-113,0.5072747534244936,,pinnacle,,2026-07-18T16:01:23.912259+00:00,1,,-7.94,-11.97,,True,True,sharp,1.04,loss,,-0.0,2026-07-04.v13-research1,cfb2e85cbd19eb03e617782d90d2c60e
2026-07-17,2026-07-17T22:13:51.171464+00:00,2026-07-18T00:06:00Z,mlb,Minnesota Twins,Chicago Cubs,Moneyline,Chicago Cubs,,-152,0.0,,,D,14,72,86,14590,False,True,3.7,False,-0.039361356075631515,0.5794328328432699,0.5772148374973902,pinnacle,28,-143,132,,,,,,,,,,,,,,,,,,,,0.1,,,,,,,,,,,,,,,,,,,-142,0.5684358952417499,,pinnacle,,2026-07-18T16:01:23.912264+00:00,2,,-2.72,-5.76,,True,True,sharp,1.87,loss,,-0.0,2026-07-04.v13-research1,7d92a7dff1e2a4e0569b73cf9069f2e3
2026-07-17,2026-07-17T22:13:51.171464+00:00,2026-07-18T00:41:00Z,mlb,Cincinnati Reds,Colorado Rockies,Moneyline,Cincinnati Reds,,-104,0.0,,,D,6,50,56,9340,False,True,2.6,False,-0.04768254372199421,0.4854951737887872,0.48588616381304955,pinnacle,28,102,-110,,,,,,,,,,,,,,,,,,,,0.1,,,,,,,,,,,,,,,,,,,-112,0.5072747534244936,,pinnacle,,2026-07-18T16:01:23.912270+00:00,2,,3.63,-0.5,,True,True,sharp,2.45,win,,0.0,2026-07-04.v13-research1,e9c736dab72b5dc33dd4f665870c8f2b
2026-07-18,2026-07-18T16:01:23.921430+00:00,2026-07-18T20:11:00Z,MLB,Miami Marlins,Milwaukee Brewers,Moneyline,Miami Marlins,,120,1.5,"Elite sharp signal (no price edge, so not 2u)",sharp,S,27,24,51,4498,True,True,1.7,False,,0.427834500092839,0.4299179738091811,pinnacle,28,128,-139,130,138,0.4275,,,,,,,,,,,,,,,,,,127,130,GTbets,,,,,,,,,,0.435,0.43,0.44,-0.0165,polymarket,-0.0165,120,0.427834500092839,,pinnacle,,2026-07-18T16:01:23.921430+00:00,0,,0.0,-5.88,,False,,,4.16,loss,,-1.5,2026-07-04.v13-research1,31b5f1a35ef3661e5911f39a57d11ac5
2026-07-18,2026-07-18T16:01:23.921430+00:00,2026-07-18T18:21:00Z,MLB,Minnesota Twins,Chicago Cubs,Moneyline,Minnesota Twins,,119,1.0,Single sharp signal,sharp,A,27,40,67,8022,False,True,2.1,False,,0.4315641047582504,0.43357359774614906,pinnacle,28,126,-137,130,132,0.4329,,,,,,,,,,,,,,,,,,125,130,Everygame,,,,,,,,,,0.405,0.4,0.41,0.0656,polymarket,0.0656,119,0.4315641047582504,,pinnacle,,2026-07-18T16:01:23.921430+00:00,0,,0.0,-5.49,,False,,,2.33,loss,,-1.0,2026-07-04.v13-research1,1ac6eaa4fa03ab0a81e5ba09ce7bcaa3
2026-07-18,2026-07-18T16:01:23.921430+00:00,2026-07-18T19:11:00Z,MLB,Cincinnati Reds,Colorado Rockies,Moneyline,Colorado Rockies,,-108,1.0,Single sharp signal,sharp,A,21,31,52,4144,True,True,1.9,False,,0.4927252465755065,0.4929268637713962,pinnacle,28,-101,-107,102,108,0.4879,,,,,,,,,,,,,,,,,,100,102,Everygame,,,,,,,,,,0.455,0.45,0.46,0.0829,polymarket,0.0829,-108,0.4927252465755065,,pinnacle,,2026-07-18T16:01:23.921430+00:00,0,,0.0,-5.1,,False,,,3.16,win,,0.93,2026-07-04.v13-research1,2962ef39359f54f01f0254f086b45881
2026-07-18,2026-07-18T16:01:23.921430+00:00,2026-07-18T17:11:00Z,mlb,Pittsburgh Pirates,Cleveland Guardians,Moneyline,Pittsburgh Pirates,,108,0.0,,,D,7,53,60,1368,False,False,1.2,False,-0.04841276004205086,0.4574938653643986,0.45864012175558383,pinnacle,27,114,-123,,,,,,,,,,,,,,,,,,,,0.2,,,,,,,,,,,,,,,,,,,108,0.4574938653643986,,pinnacle,,2026-07-18T16:01:23.921430+00:00,0,,0.0,-4.84,,False,True,sharp,1.16,win,,0.0,2026-07-04.v13-research1,d8bf9cd37db11dd5e36f7b8d846883b4
2026-07-18,2026-07-18T16:01:23.921430+00:00,2026-07-18T18:21:00Z,mlb,Minnesota Twins,Chicago Cubs,Moneyline,Minnesota Twins,,119,0.0,,,A,27,40,67,8022,False,True,2.1,False,-0.05487461057943166,0.4315641047582504,0.43357359774614906,pinnacle,28,126,-137,,,,,,,,,,,,,,,,,,,,0.2,,,,,,,,,,,,,,,,,,,119,0.4315641047582504,,pinnacle,,2026-07-18T16:01:23.921430+00:00,0,,0.0,-5.49,,False,True,sharp,2.33,loss,,-0.0,2026-07-04.v13-research1,1ac6eaa4fa03ab0a81e5ba09ce7bcaa3
2026-07-18,2026-07-18T16:01:23.921430+00:00,2026-07-18T19:11:00Z,mlb,Cincinnati Reds,Colorado Rockies,Moneyline,Colorado Rockies,,-108,0.0,,,A,21,31,52,4144,True,True,1.9,False,-0.05104767326198745,0.4927252465755065,0.4929268637713962,pinnacle,28,-101,-107,,,,,,,,,,,,,,,,,,,,0.2,,,,,,,,,,,,,,,,,,,-108,0.4927252465755065,,pinnacle,,2026-07-18T16:01:23.921430+00:00,0,,0.0,-5.1,,False,True,sharp,3.16,win,,0.0,2026-07-04.v13-research1,2962ef39359f54f01f0254f086b45881
2026-07-18,2026-07-18T16:01:23.921430+00:00,2026-07-18T20:11:00Z,mlb,Baltimore Orioles,Houston Astros,Moneyline,Houston Astros,,-112,0.0,,,D,8,50,58,4786,False,True,1.9,False,-0.04439197411194762,0.5048495231106692,0.5047143126532152,pinnacle,28,-106,-102,,,,,,,,,,,,,,,,,,,,0.2,,,,,,,,,,,,,,,,,,,-112,0.5048495231106692,,pinnacle,,2026-07-18T16:01:23.921430+00:00,0,,0.0,-4.44,,False,True,sharp,4.16,loss,,-0.0,2026-07-04.v13-research1,48ca8f5f46eb95a95a448679ea6cf7b1
2026-07-18,2026-07-18T16:01:23.921430+00:00,2026-07-18T20:11:00Z,mlb,Tampa Bay Rays,Boston Red Sox,Moneyline,Tampa Bay Rays,,-112,0.0,,,B,16,24,40,5260,True,True,1.9,False,-0.04439197411194762,0.5048495231106692,0.5047143126532152,pinnacle,28,-106,-102,,,,,,,,,,,,,,,,,,,,0.2,,,,,,,,,,,,,,,,,,,103,0.4661024951609403,,pinnacle,,2026-07-19T16:01:26.255239+00:00,1,,-6.76,-11.77,,True,True,sharp,4.16,loss,,-0.0,2026-07-04.v13-research1,698618fc0740b4cfa7a19834f721993e
2026-07-18,2026-07-18T16:01:23.921430+00:00,2026-07-18T20:11:00Z,mlb,San Diego Padres,Kansas City Royals,Moneyline,Kansas City Royals,,-109,0.0,,,B,16,32,48,3392,True,True,2.4,False,-0.045933537404728164,0.4975753321669121,0.49764317699740745,pinnacle,28,-103,-105,,,,,,,,,,,,,,,,,,,,0.2,,,,,,,,,,,,,,,,,,,-109,0.4975753321669121,,pinnacle,,2026-07-18T16:01:23.921430+00:00,0,,0.0,-4.59,,False,True,sharp,4.16,win,,0.0,2026-07-04.v13-research1,af96de180c395ddeb2a1600317946494
2026-07-18,2026-07-18T16:01:23.921430+00:00,2026-07-18T20:11:00Z,mlb,Miami Marlins,Milwaukee Brewers,Moneyline,Miami Marlins,,120,0.0,,,S,27,24,51,4498,True,True,1.7,False,-0.05876409979575403,0.427834500092839,0.4299179738091811,pinnacle,28,128,-139,,,,,,,,,,,,,,,,,,,,0.2,,,,,,,,,,,,,,,,,,,120,0.427834500092839,,pinnacle,,2026-07-18T16:01:23.921430+00:00,0,,0.0,-5.88,,False,True,sharp,4.16,loss,,-0.0,2026-07-04.v13-research1,31b5f1a35ef3661e5911f39a57d11ac5
2026-07-18,2026-07-18T16:01:23.921430+00:00,2026-07-18T23:10:00Z,mlb,Pittsburgh Pirates,Cleveland Guardians,Moneyline,Pittsburgh Pirates,,-111,0.0,,,D,7,53,60,1368,False,False,1.2,False,-0.026520848075697323,0.5121146249459602,0.511784905043332,pinnacle,26,-109,101,,,,,,,,,,,,,,,,,,,,0.2,,,,,,,,,,,,,,,,,,,-107,0.49396063152789393,,pinnacle,,2026-07-18T22:14:35.080290+00:00,1,,-1.74,-6.1,,True,True,sharp,7.14,win,,0.0,2026-07-04.v13-research1,1b7f4086b3b3d2a039917465354f741b
2026-07-18,2026-07-18T16:01:23.921430+00:00,2026-07-19T00:09:00Z,mlb,Los Angeles Dodgers,New York Yankees,Moneyline,New York Yankees,,-115,0.0,,,B,15,29,44,4195,True,False,1.3,False,-0.0425683098836398,0.5121146249459602,0.511784905043332,pinnacle,27,-109,101,,,,,,,,,,,,,,,,,,,,0.2,,,,,,,,,,,,,,,,,,,-115,0.5121146249459602,,pinnacle,,2026-07-18T16:01:23.921430+00:00,0,,0.0,-4.26,,False,True,sharp,8.13,loss,,-0.0,2026-07-04.v13-research1,b1c11c1965517ee6fc64d8fcb9f8e6e3
2026-07-18,2026-07-18T16:01:23.921430+00:00,2026-07-19T00:09:00Z,mlb,San Francisco Giants,Seattle Mariners,Moneyline,Seattle Mariners,,-152,0.0,,,D,14,58,72,5119,False,True,1.9,False,-0.03059263728131456,0.5847219013223817,0.582413851638092,pinnacle,28,-146,135,,,,,,,,,,,,,,,,,,,,0.2,,,,,,,,,,,,,,,,,,,-159,0.5949764379977864,,pinnacle,,2026-07-18T22:14:35.080304+00:00,1,,1.78,-1.36,,True,True,sharp,8.13,loss,,-0.0,2026-07-04.v13-research1,fc2051a727661b285a4718bc4738966e
2026-07-18,2026-07-18T16:01:23.921430+00:00,2026-07-19T02:06:00Z,mlb,Washington Nationals,Athletics,Moneyline,Washington Nationals,,-116,0.0,,,D,6,70,76,5215,False,True,2.1,False,-0.04195653050325843,0.5145048262112131,0.5141138361869505,pinnacle,28,-110,102,,,,,,,,,,,,,,,,,,,,0.2,,,,,,,,,,,,,,,,,,,-105,0.5168715068812907,,pinnacle,,2026-07-18T22:14:35.080311+00:00,1,,-4.63,-3.75,,True,True,sharp,10.08,win,,0.0,2026-07-04.v13-research1,ded1e582d76a9362d25395cef8921336
2026-07-18,2026-07-18T22:14:35.091139+00:00,2026-07-18T23:10:00Z,mlb,Pittsburgh Pirates,Cleveland Guardians,Moneyline,Cleveland Guardians,,-113,0.0,,,B,18,50,68,4160,False,True,7.3,False,-0.04613818155257865,0.5060393684721062,0.5058509642389065,pinnacle,26,-107,-102,,,,,,,,,,,,,,,,,,,,0.1,,,,,,,,,,,,,,,,,,,-113,0.5060393684721062,,pinnacle,,2026-07-18T22:14:35.091139+00:00,0,,0.0,-4.61,,False,True,sharp,0.92,loss,,-0.0,2026-07-04.v13-research1,1b7f4086b3b3d2a039917465354f741b
2026-07-18,2026-07-18T22:14:35.091139+00:00,2026-07-19T02:08:00Z,mlb,Detroit Tigers,Los Angeles Angels,Moneyline,Detroit Tigers,,-206,0.0,,,D,15,76,91,10895,False,True,9.0,False,-0.03497198927065093,0.6496593797720455,0.6451409747117527,pinnacle,28,-193,176,,,,,,,,,,,,,,,,,,,,0.1,,,,,,,,,,,,,,,,,,,-208,0.6515634488771996,,pinnacle,,2026-07-18T23:35:44.083167+00:00,1,,0.32,-3.21,,True,True,sharp,3.89,win,,0.0,2026-07-04.v13-research1,9933e32d7b9c200975b046306d80856d
2026-07-19,2026-07-19T16:01:26.266052+00:00,2026-07-19T18:11:00Z,MLB,San Diego Padres,Kansas City Royals,Moneyline,San Diego Padres,,-102,1.0,Single sharp signal,sharp,A,26,41,67,4049,False,True,2.3,False,,0.4831284931187094,0.4835789425434877,pinnacle,28,103,-111,106,108,0.4831,,,,,,,,,,,,,,,,,,103,105,1xBet,,,,,,,,,,0.485,0.48,0.49,-0.0039,polymarket,-0.0039,-102,0.4831284931187094,,pinnacle,,2026-07-19T16:01:26.266052+00:00,0,,0.0,-4.32,,False,,,2.16,win,,0.98,2026-07-04.v13-research1,203e82b1ab8211c90f2f74c5759699ee
2026-07-19,2026-07-19T16:01:26.266052+00:00,2026-07-19T16:36:00Z,mlb,Los Angeles Dodgers,New York Yankees,Moneyline,Los Angeles Dodgers,,-133,0.0,,,D,15,74,89,1797,False,True,2.5,False,-0.04591162335047161,0.54460838667119,0.5434162250305749,pinnacle,27,-124,115,,,,,,,,,,,,,,,,,,,,0.2,,,,,,,,,,,,,,,,,,,-135,0.5477275707363947,,pinnacle,,2026-07-19T22:25:17.047988+00:00,1,,0.64,-4.04,,True,True,sharp,0.58,win,,0.0,2026-07-04.v13-research1,9bc4c78b91c95337830ebb3654858de7
2026-07-19,2026-07-19T16:01:26.266052+00:00,2026-07-19T17:36:00Z,mlb,Texas Rangers,Atlanta Braves,Moneyline,Atlanta Braves,,101,0.0,,,D,19,60,79,7310,False,True,2.4,False,-0.04516036858130723,0.47504459274561833,0.47576897543704366,pinnacle,28,106,-115,,,,,,,,,,,,,,,,,,,,0.2,,,,,,,,,,,,,,,,,,,101,0.47504459274561833,,pinnacle,,2026-07-19T16:01:26.266052+00:00,0,,0.0,-4.52,,False,True,sharp,1.58,win,,0.0,2026-07-04.v13-research1,e9245e202e09448d0020e3f46508dc9d
2026-07-19,2026-07-19T16:01:26.266052+00:00,2026-07-19T17:36:00Z,mlb,Tampa Bay Rays,Boston Red Sox,Moneyline,Tampa Bay Rays,,103,0.0,,,B,14,22,36,7068,True,True,2.1,False,-0.05381193482329105,0.4661024951609403,0.4670505438259757,pinnacle,28,110,-119,,,,,,,,,,,,,,,,,,,,0.2,,,,,,,,,,,,,,,,,,,103,0.4661024951609403,,pinnacle,,2026-07-19T16:01:26.266052+00:00,0,,0.0,-5.38,,False,True,sharp,1.58,loss,,-0.0,2026-07-04.v13-research1,60af7c95541bfe00c28e4a14897c6ae4
2026-07-19,2026-07-19T16:01:26.266052+00:00,2026-07-19T18:11:00Z,mlb,Baltimore Orioles,Houston Astros,Moneyline,Houston Astros,,-124,0.0,,,B,14,54,68,5644,False,True,1.9,False,-0.04759668979850307,0.5272232610044001,0.526440410418311,pinnacle,28,-116,107,,,,,,,,,,,,,,,,,,,,0.2,,,,,,,,,,,,,,,,,,,-124,0.5272232610044001,,pinnacle,,2026-07-19T16:01:26.266052+00:00,0,,0.0,-4.76,,False,True,sharp,2.16,loss,,-0.0,2026-07-04.v13-research1,8d524a2249f56a23b1cd951c28b16ddb
2026-07-19,2026-07-19T16:01:26.266052+00:00,2026-07-19T18:11:00Z,mlb,San Diego Padres,Kansas City Royals,Moneyline,San Diego Padres,,-102,0.0,,,A,26,41,67,4049,False,True,2.3,False,-0.043216121470791125,0.4831284931187094,0.4835789425434877,pinnacle,28,103,-111,,,,,,,,,,,,,,,,,,,,0.2,,,,,,,,,,,,,,,,,,,-102,0.4831284931187094,,pinnacle,,2026-07-19T16:01:26.266052+00:00,0,,0.0,-4.32,,False,True,sharp,2.16,win,,0.0,2026-07-04.v13-research1,203e82b1ab8211c90f2f74c5759699ee
2026-07-19,2026-07-19T16:01:26.266052+00:00,2026-07-19T18:11:00Z,mlb,Miami Marlins,Milwaukee Brewers,Moneyline,Miami Marlins,,110,0.0,,,B,19,20,39,5164,True,True,2.2,False,-0.04805159390260605,0.4533087648082828,0.45454545454545453,pinnacle,28,116,-125,,,,,,,,,,,,,,,,,,,,0.2,,,,,,,,,,,,,,,,,,,110,0.4533087648082828,,pinnacle,,2026-07-19T16:01:26.266052+00:00,0,,0.0,-4.81,,False,True,sharp,2.16,loss,,-0.0,2026-07-04.v13-research1,7bdca69ce161b0f7fa1d383357c64989
2026-07-19,2026-07-19T16:01:26.266052+00:00,2026-07-19T18:21:00Z,mlb,Minnesota Twins,Chicago Cubs,Moneyline,Minnesota Twins,,142,0.0,,,C,11,11,22,5003,True,True,1.6,False,-0.056616793519875364,0.3898277712727788,0.39320047243859046,pinnacle,28,149,-163,,,,,,,,,,,,,,,,,,,,0.2,,,,,,,,,,,,,,,,,,,142,0.3898277712727788,,pinnacle,,2026-07-19T16:01:26.266052+00:00,0,,0.0,-5.66,,False,True,sharp,2.33,loss,,-0.0,2026-07-04.v13-research1,e2f5ce09c19effb9e8bba90a0c1c3e44
2026-07-19,2026-07-19T16:01:26.266052+00:00,2026-07-19T19:11:00Z,mlb,Cincinnati Reds,Colorado Rockies,Moneyline,Colorado Rockies,,142,0.0,,,C,9,24,33,4362,True,True,2.4,False,-0.0546577049110506,0.39063731202022706,0.39375995671646274,pinnacle,28,149,-162,,,,,,,,,,,,,,,,,,,,0.2,,,,,,,,,,,,,,,,,,,142,0.39063731202022706,,pinnacle,,2026-07-19T16:01:26.266052+00:00,0,,0.0,-5.47,,False,True,sharp,3.16,loss,,-0.0,2026-07-04.v13-research1,d1c0cc729b8385c5637b14364ae82ab3
2026-07-19,2026-07-19T16:01:26.266052+00:00,2026-07-19T20:08:00Z,mlb,Detroit Tigers,Los Angeles Angels,Moneyline,Detroit Tigers,,-159,0.0,,,D,14,82,96,4846,False,True,1.8,False,-0.034951696963525625,0.5924427806285693,0.5897955514880127,pinnacle,28,-151,139,,,,,,,,,,,,,,,,,,,,0.2,,,,,,,,,,,,,,,,,,,-159,0.5924427806285693,,pinnacle,,2026-07-19T16:01:26.266052+00:00,0,,0.0,-3.5,,False,True,sharp,4.11,loss,,-0.0,2026-07-04.v13-research1,ffa609f7c73ad0d8396150b3cc744332
2026-07-19,2026-07-19T16:01:26.266052+00:00,2026-07-19T20:11:00Z,mlb,St. Louis Cardinals,Arizona Diamondbacks,Moneyline,St. Louis Cardinals,,109,0.0,,,D,6,24,30,3963,True,True,3.0,False,-0.04603480723762021,0.4564426759628612,0.4577407225764263,pinnacle,28,114,-124,,,,,,,,,,,,,,,,,,,,0.2,,,,,,,,,,,,,,,,,,,109,0.4564426759628612,,pinnacle,,2026-07-19T16:01:26.266052+00:00,0,,0.0,-4.6,,False,True,sharp,4.16,loss,,-0.0,2026-07-04.v13-research1,4a351bac7c9d35b346c76736bd88b1de
2026-07-19,2026-07-19T16:01:26.266052+00:00,2026-07-19T23:21:00Z,mlb,Los Angeles Dodgers,New York Yankees,Moneyline,Los Angeles Dodgers,,-131,0.0,,,D,15,74,89,1797,False,True,2.5,False,-0.04151342097267863,0.543557324037139,0.5422592774235736,pinnacle,23,-124,114,,,,,,,,,,,,,,,,,,,,0.2,,,,,,,,,,,,,,,,,,,-135,0.5477275707363947,,pinnacle,,2026-07-19T22:25:17.048019+00:00,1,,1.3,-3.42,,True,True,sharp,7.33,win,,0.0,2026-07-04.v13-research1,e7ba65ff4e90d9960a0619d266c10ff5
2026-07-19,2026-07-19T22:25:17.060712+00:00,2026-07-19T23:21:00Z,mlb,Los Angeles Dodgers,New York Yankees,Moneyline,New York Yankees,,113,0.0,,,D,6,25,31,7017,True,True,2.0,False,-0.03665972566852049,0.45227242926360545,0.45366950377388787,pinnacle,27,116,-126,,,,,,,,,,,,,,,,,,,,0.3,,,,,,,,,,,,,,,,,,,113,0.45227242926360545,,pinnacle,,2026-07-19T22:25:17.060712+00:00,0,,0.0,-3.67,,False,True,sharp,0.93,win,,0.0,2026-07-04.v13-research1,e7ba65ff4e90d9960a0619d266c10ff5
2026-07-20,2026-07-20T16:37:17.743327+00:00,2026-07-20T23:08:00Z,MLB,Tampa Bay Rays,Toronto Blue Jays,Moneyline,Tampa Bay Rays,,136,1.5,"Elite sharp signal (no price edge, so not 2u)",sharp,S,40,33,73,6866,True,True,1.6,False,,0.40011067960502505,0.4030988221956289,pinnacle,28,143,-156,146,158,0.3971,,,,,,,,,,,,,,,,,,143,145,GTbets,,,,,,,,,,0.495,0.49,0.5,-0.1917,betonline,-0.0277,-110,0.5097005466611757,,pinnacle,,2026-07-21T16:26:47.521189+00:00,2,,23.62,20.29,,True,,,6.51,win,,2.04,2026-07-04.v13-research1,f237d860c80df8632a4717d53fee1c25
2026-07-20,2026-07-20T16:37:17.743327+00:00,2026-07-21T00:06:00Z,MLB,Chicago White Sox,Texas Rangers,Moneyline,Chicago White Sox,,141,1.5,"Elite sharp signal (no price edge, so not 2u)",sharp,S,26,22,48,4341,True,True,2.7,False,,0.38829786638717856,0.39169139465875374,pinnacle,28,150,-164,152,160,0.3907,,,,,,,,,,,,,,,,,,141,150,Pinnacle,,,,,,,,,,0.445,0.44,0.45,-0.1274,betonline,-0.0642,107,0.4596157962228559,,pinnacle,,2026-07-21T16:26:47.521207+00:00,3,,16.43,10.77,,True,,,7.48,win,,2.12,2026-07-04.v13-research1,97617f61842d6317b6167cdf64f137a1
2026-07-20,2026-07-20T16:37:17.743327+00:00,2026-07-21T02:11:00Z,MLB,St. Louis Cardinals,Los Angeles Angels,Moneyline,St. Louis Cardinals,,-108,1.0,Single sharp signal,sharp,A,31,54,85,3529,False,True,1.7,False,,0.4951504768893307,0.49528568734678485,pinnacle,28,-102,-106,100,106,0.4927,,,,,,,,,,,,,,,,,,-102,-102,FanDuel,,,,,,,,,,0.515,0.5,0.53,-0.0385,betonline,-0.0194,100,0.4784643034879691,,pinnacle,,2026-07-21T16:26:47.521216+00:00,3,,-3.7,-7.85,,True,,,9.56,loss,,-1.0,2026-07-04.v13-research1,7a53b98354a4d009429693371637853d
2026-07-20,2026-07-20T16:37:17.743327+00:00,2026-07-20T23:06:00Z,mlb,Pittsburgh Pirates,New York Yankees,Moneyline,Pittsburgh Pirates,,-104,0.0,,,B,24,38,62,7209,False,False,-47.1,False,-0.04768254372199421,0.4854951737887872,0.48588616381304955,pinnacle,28,102,-110,,,,,,,,,,,,,,,,,,,,0.1,,,,,,,,,,,,,,,,,,,109,0.45539161332880995,,pinnacle,,2026-07-21T16:26:47.521221+00:00,2,,-6.15,-10.67,,True,True,sharp,6.48,loss,,-0.0,2026-07-04.v13-research1,29d4af8b2386afc600f412243c22a53b
2026-07-20,2026-07-20T16:37:17.743327+00:00,2026-07-20T23:08:00Z,mlb,Tampa Bay Rays,Toronto Blue Jays,Moneyline,Tampa Bay Rays,,136,0.0,,,S,40,33,73,6866,True,True,1.6,False,-0.05573879613214072,0.40011067960502505,0.4030988221956289,pinnacle,28,143,-156,,,,,,,,,,,,,,,,,,,,0.1,,,,,,,,,,,,,,,,,,,-110,0.5097005466611757,,pinnacle,,2026-07-21T16:26:47.521227+00:00,2,,23.62,20.29,,True,True,sharp,6.51,win,,0.0,2026-07-04.v13-research1,f237d860c80df8632a4717d53fee1c25
2026-07-20,2026-07-20T16:37:17.743327+00:00,2026-07-20T23:11:00Z,mlb,Baltimore Orioles,Boston Red Sox,Moneyline,Boston Red Sox,,-163,0.0,,,D,11,77,88,5195,False,True,2.2,False,-0.038726849036794464,0.5957700517376521,0.5930709471957281,pinnacle,28,-153,141,,,,,,,,,,,,,,,,,,,,0.1,,,,,,,,,,,,,,,,,,,-145,0.566546358020616,,pinnacle,,2026-07-21T16:26:47.521232+00:00,2,,-4.51,-8.59,,True,True,sharp,6.56,win,,0.0,2026-07-04.v13-research1,0dd84d01f2970e524c07c9ff2a747b7f
2026-07-20,2026-07-20T16:37:17.743327+00:00,2026-07-20T23:11:00Z,mlb,Los Angeles Dodgers,Philadelphia Phillies,Moneyline,Los Angeles Dodgers,,121,0.0,,,D,7,49,56,7063,False,True,1.9,False,-0.0462433284842666,0.4315641047582504,0.43357359774614906,pinnacle,27,126,-137,,,,,,,,,,,,,,,,,,,,0.1,,,,,,,,,,,,,,,,,,,102,0.46830600245237236,,pinnacle,,2026-07-21T16:26:47.521237+00:00,2,,9.41,3.5,,True,True,sharp,6.56,loss,,-0.0,2026-07-04.v13-research1,128e4328bfe1ffa187a85b1e5e2b5ec6
2026-07-20,2026-07-20T16:37:17.743327+00:00,2026-07-20T23:16:00Z,mlb,San Diego Padres,Atlanta Braves,Moneyline,Atlanta Braves,,-132,0.0,,,D,7,72,79,5169,False,True,2.6,False,-0.04097507450627225,0.5456521127809141,0.5443037974683544,pinnacle,28,-125,115,,,,,,,,,,,,,,,,,,,,0.1,,,,,,,,,,,,,,,,,,,-150,0.5749406461241683,,pinnacle,,2026-07-21T16:26:47.521242+00:00,2,,5.45,1.05,,True,True,sharp,6.64,win,,0.0,2026-07-04.v13-research1,b829b2871533d73401916f919c2b485a
2026-07-20,2026-07-20T16:37:17.743327+00:00,2026-07-20T23:41:00Z,mlb,San Francisco Giants,Kansas City Royals,Moneyline,Kansas City Royals,,-119,0.0,,,C,12,53,65,4038,False,True,1.9,False,-0.044469844099699785,0.5192150162197978,0.5187068652379223,pinnacle,28,-112,104,,,,,,,,,,,,,,,,,,,,0.1,,,,,,,,,,,,,,,,,,,-107,0.4927252465755065,,pinnacle,,2026-07-21T16:26:47.521248+00:00,3,,-4.87,-9.32,,True,True,sharp,7.06,win,,0.0,2026-07-04.v13-research1,c9a69923caed0afdda9fd6b94171b189
2026-07-20,2026-07-20T16:37:17.743327+00:00,2026-07-20T23:41:00Z,mlb,New York Mets,Milwaukee Brewers,Moneyline,Milwaukee Brewers,,-213,0.0,,,D,7,83,90,7037,False,True,3.5,False,-0.03446747963027841,0.6570556768011204,0.6519721577726217,pinnacle,28,-200,181,,,,,,,,,,,,,,,,,,,,0.1,,,,,,,,,,,,,,,,,,,-138,0.5558414074354852,,pinnacle,,2026-07-21T16:26:47.521253+00:00,3,,-14.79,-18.32,,True,True,sharp,7.06,win,,0.0,2026-07-04.v13-research1,b6936af60f2ffed1b270c119f7127ae7
2026-07-20,2026-07-20T16:37:17.743327+00:00,2026-07-21T00:06:00Z,mlb,Detroit Tigers,Chicago Cubs,Moneyline,Chicago Cubs,,-116,0.0,,,D,13,64,77,4074,False,True,2.1,False,-0.04424055588992459,0.5132782199850405,0.5128740431454418,pinnacle,28,-110,101,,,,,,,,,,,,,,,,,,,,0.1,,,,,,,,,,,,,,,,,,,-121,0.524955407254382,,pinnacle,,2026-07-21T16:26:47.521258+00:00,2,,1.95,-2.25,,True,True,sharp,7.48,loss,,-0.0,2026-07-04.v13-research1,66d5a2a0202c6946683c1a8247be9ed4
2026-07-20,2026-07-20T16:37:17.743327+00:00,2026-07-21T00:06:00Z,mlb,Chicago White Sox,Texas Rangers,Moneyline,Chicago White Sox,,141,0.0,,,S,26,22,48,4341,True,True,2.7,False,-0.06420214200689967,0.38829786638717856,0.39169139465875374,pinnacle,28,150,-164,,,,,,,,,,,,,,,,,,,,0.1,,,,,,,,,,,,,,,,,,,107,0.4596157962228559,,pinnacle,,2026-07-21T16:26:47.521263+00:00,3,,16.43,10.77,,True,True,sharp,7.48,win,,0.0,2026-07-04.v13-research1,97617f61842d6317b6167cdf64f137a1
2026-07-20,2026-07-20T16:37:17.743327+00:00,2026-07-21T00:11:00Z,mlb,Miami Marlins,Houston Astros,Moneyline,Miami Marlins,,102,0.0,,,C,12,34,46,3907,True,False,1.4,False,-0.044990987228887946,0.4727767389956,0.473559589581689,pinnacle,28,107,-116,,,,,,,,,,,,,,,,,,,,0.1,,,,,,,,,,,,,,,,,,,103,0.4705306473393603,,pinnacle,,2026-07-21T16:26:47.521268+00:00,3,,-0.49,-4.95,,True,True,sharp,7.56,loss,,-0.0,2026-07-04.v13-research1,417e9c61c9e75d104917a558c350fd33
2026-07-20,2026-07-20T16:37:17.743327+00:00,2026-07-21T00:41:00Z,mlb,Washington Nationals,Colorado Rockies,Moneyline,Washington Nationals,,-128,0.0,,,D,17,76,93,4160,False,True,1.8,False,-0.04125587910652717,0.5382423134840549,0.5371921594907021,pinnacle,28,-121,112,,,,,,,,,,,,,,,,,,,,0.1,,,,,,,,,,,,,,,,,,,-111,0.5024246678330881,,pinnacle,,2026-07-21T16:26:47.521273+00:00,3,,-6.29,-10.51,,True,True,sharp,8.06,win,,0.0,2026-07-04.v13-research1,17257e28ab0601512288eeccc637c3d1
2026-07-20,2026-07-20T16:37:17.743327+00:00,2026-07-21T01:41:00Z,mlb,Athletics,Arizona Diamondbacks,Moneyline,Athletics,,124,0.0,,,C,12,20,32,2746,True,False,1.3,False,-0.03749186761886569,0.4296911305272921,0.43173819976054856,pinnacle,28,127,-138,,,,,,,,,,,,,,,,,,,,0.1,,,,,,,,,,,,,,,,,,,111,0.4471739641803568,,pinnacle,,2026-07-21T16:26:47.521278+00:00,3,,6.16,0.17,,True,True,sharp,9.06,win,,0.0,2026-07-04.v13-research1,2d7808af8bc666b615b13864d5730354
2026-07-20,2026-07-20T16:37:17.743327+00:00,2026-07-21T01:41:00Z,mlb,Cincinnati Reds,Seattle Mariners,Moneyline,Cincinnati Reds,,122,0.0,,,B,19,19,38,3246,True,True,2.2,False,-0.04396889536846793,0.4306446417259154,0.4324896439716052,pinnacle,28,127,-137,,,,,,,,,,,,,,,,,,,,0.1,,,,,,,,,,,,,,,,,,,101,0.47504459274561833,,pinnacle,,2026-07-21T16:26:47.521283+00:00,3,,10.45,5.46,,True,True,sharp,9.06,loss,,-0.0,2026-07-04.v13-research1,85be05f7a6300ba953ba0dc345908c33
2026-07-20,2026-07-20T16:37:17.743327+00:00,2026-07-21T02:11:00Z,mlb,St. Louis Cardinals,Los Angeles Angels,Moneyline,St. Louis Cardinals,,-108,0.0,,,A,31,54,85,3529,False,True,1.7,False,-0.04637685932425184,0.4951504768893307,0.49528568734678485,pinnacle,28,-102,-106,,,,,,,,,,,,,,,,,,,,0.1,,,,,,,,,,,,,,,,,,,100,0.4784643034879691,,pinnacle,,2026-07-21T16:26:47.521287+00:00,3,,-3.7,-7.85,,True,True,sharp,9.56,loss,,-0.0,2026-07-04.v13-research1,7a53b98354a4d009429693371637853d
2026-07-20,2026-07-20T22:30:13.153304+00:00,2026-07-21T00:11:00Z,MLB,Miami Marlins,Houston Astros,Moneyline,Miami Marlins,,106,1.5,"Elite sharp signal (no price edge, so not 2u)",sharp,S,28,35,63,9380,True,True,3.7,False,,0.4639198222900696,0.4649196956889265,pinnacle,28,111,-120,110,112,0.4739,,,,,,,,,,,,,,,,,,107,112,1xBet,,,,,,,,,,0.465,0.46,0.47,-0.0023,polymarket,-0.0023,103,0.4705306473393603,,pinnacle,,2026-07-21T16:26:47.521292+00:00,2,,1.48,-3.07,,True,,,1.68,loss,,-1.5,2026-07-04.v13-research1,417e9c61c9e75d104917a558c350fd33
2026-07-20,2026-07-20T22:30:13.153304+00:00,2026-07-20T22:41:00Z,mlb,Minnesota Twins,Cleveland Guardians,Moneyline,Minnesota Twins,,-128,0.0,,,D,6,70,76,14176,False,True,14.3,False,-0.03178851655884618,0.543557324037139,0.5422592774235736,pinnacle,28,-124,114,,,,,,,,,,,,,,,,,,,,0.1,,,,,,,,,,,,,,,,,,,127,0.42236053762333897,,pinnacle,,2026-07-21T16:26:47.521297+00:00,1,,-21.53,-24.77,,True,True,sharp,0.18,loss,,-0.0,2026-07-04.v13-research1,ed99d6d31957cf5543b0733a49085559
2026-07-21,2026-07-21T16:26:47.535325+00:00,2026-07-21T22:41:00Z,MLB,Los Angeles Dodgers,Philadelphia Phillies,Moneyline,Los Angeles Dodgers,,102,1.5,"Elite sharp signal (no price edge, so not 2u)",sharp,S,26,34,60,8153,True,True,2.1,False,,0.46830600245237236,0.46920063707976417,pinnacle,27,109,-118,110,114,0.4717,,,,,,,,,,,,,,,,,,104,114,1xBet,,,,,,,,,,0.485,0.48,0.49,-0.0344,polymarket,-0.0344,102,0.46830600245237236,,pinnacle,,2026-07-21T16:26:47.535325+00:00,0,,0.0,-5.4,,False,,,6.24,loss,,-1.5,2026-07-04.v13-research1,41aa20c582aac0979e875a6e5a86b79b
2026-07-21,2026-07-21T16:26:47.535325+00:00,2026-07-21T23:11:00Z,MLB,Baltimore Orioles,Boston Red Sox,Moneyline,Baltimore Orioles,,122,1.5,"Elite sharp signal (no price edge, so not 2u)",sharp,S,27,15,42,4503,True,True,2.1,False,,0.4334536419793839,0.4354243542435424,pinnacle,28,125,-136,128,130,0.4367,,,,,,,,,,,,,,,,,,123,126,GTbets,,,,,,,,,,0.405,0.4,0.41,0.0703,polymarket,0.0703,122,0.4334536419793839,,pinnacle,,2026-07-21T16:26:47.535325+00:00,0,,0.0,-3.77,,False,,,6.74,loss,,-1.5,2026-07-04.v13-research1,ded163387935cca0e01c3281ff323291
2026-07-21,2026-07-21T16:26:47.535325+00:00,2026-07-22T00:11:00Z,MLB,Miami Marlins,Houston Astros,Moneyline,Miami Marlins,,103,1.0,Single sharp signal,sharp,A,23,28,51,3761,True,True,1.6,False,,0.4705306473393603,0.4713702319923538,pinnacle,28,108,-117,110,118,0.4675,,,,,,,,,,,,,,,,,,109,110,GTbets,,,,,,,,,,0.485,0.48,0.49,-0.0298,betonline,-0.0166,103,0.4705306473393603,,pinnacle,,2026-07-21T22:26:19.272935+00:00,1,,0.0,-4.48,,True,,,7.74,loss,,-1.0,2026-07-04.v13-research1,8a1eca9b5002748c0050289d4c35b045
2026-07-21,2026-07-21T16:26:47.535325+00:00,2026-07-22T01:41:00Z,MLB,Cincinnati Reds,Seattle Mariners,Moneyline,Cincinnati Reds,,101,1.0,Single sharp signal,sharp,A,30,42,72,6386,False,True,2.4,False,,0.47504459274561833,0.47576897543704366,pinnacle,28,106,-115,108,114,0.474,,,,,,,,,,,,,,,,,,105,108,Everygame,,,,,,,,,,0.435,0.43,0.44,0.0921,polymarket,0.0921,-101,0.47504459274561833,,pinnacle,,2026-07-21T22:26:19.272951+00:00,1,,1.0,-4.52,,True,,,9.24,loss,,-1.0,2026-07-04.v13-research1,3c82e5f5dfc13cc84376bc1add8c4c06
2026-07-21,2026-07-21T16:26:47.535325+00:00,2026-07-21T22:41:00Z,mlb,Minnesota Twins,Cleveland Guardians,Moneyline,Cleveland Guardians,,-152,0.0,,,D,6,83,89,4003,False,True,2.5,False,-0.04233457553343012,0.5776394623766612,0.5754534928598997,pinnacle,28,-142,131,,,,,,,,,,,,,,,,,,,,0.4,,,,,,,,,,,,,,,,,,,-158,0.5847219013223817,,pinnacle,,2026-07-21T22:26:19.272961+00:00,1,,1.53,-3.06,,True,True,sharp,6.24,win,,0.0,2026-07-04.v13-research1,0423e391e6f8cfd58c7f2f1c72d0aec7
2026-07-21,2026-07-21T16:26:47.535325+00:00,2026-07-21T22:41:00Z,mlb,Los Angeles Dodgers,Philadelphia Phillies,Moneyline,Los Angeles Dodgers,,102,0.0,,,S,26,34,60,8153,True,True,2.1,False,-0.05402187504620781,0.46830600245237236,0.46920063707976417,pinnacle,27,109,-118,,,,,,,,,,,,,,,,,,,,0.4,,,,,,,,,,,,,,,,,,,102,0.46830600245237236,,pinnacle,,2026-07-21T16:26:47.535325+00:00,0,,0.0,-5.4,,False,True,sharp,6.24,loss,,-0.0,2026-07-04.v13-research1,41aa20c582aac0979e875a6e5a86b79b
2026-07-21,2026-07-21T16:26:47.535325+00:00,2026-07-21T23:08:00Z,mlb,Tampa Bay Rays,Toronto Blue Jays,Moneyline,Tampa Bay Rays,,-110,0.0,,,D,7,77,84,4619,False,True,1.6,False,-0.02693532001048271,0.5097005466611757,0.509433962264151,pinnacle,28,-108,100,,,,,,,,,,,,,,,,,,,,0.4,,,,,,,,,,,,,,,,,,,-112,0.5000000000000001,,pinnacle,,2026-07-21T22:26:19.272970+00:00,1,,0.86,-4.55,,True,True,sharp,6.69,win,,0.0,2026-07-04.v13-research1,267dae014ac02839048da8da0bf226c3
2026-07-21,2026-07-21T16:26:47.535325+00:00,2026-07-21T23:11:00Z,mlb,Baltimore Orioles,Boston Red Sox,Moneyline,Baltimore Orioles,,122,0.0,,,S,27,15,42,4503,True,True,2.1,False,-0.03773291480576779,0.4334536419793839,0.4354243542435424,pinnacle,28,125,-136,,,,,,,,,,,,,,,,,,,,0.4,,,,,,,,,,,,,,,,,,,122,0.4334536419793839,,pinnacle,,2026-07-21T16:26:47.535325+00:00,0,,0.0,-3.77,,False,True,sharp,6.74,loss,,-0.0,2026-07-04.v13-research1,ded163387935cca0e01c3281ff323291
2026-07-21,2026-07-21T16:26:47.535325+00:00,2026-07-21T23:16:00Z,mlb,San Diego Padres,Atlanta Braves,Moneyline,Atlanta Braves,,-150,0.0,,,D,9,81,90,5851,False,True,1.9,False,-0.04176558979305289,0.5749406461241683,0.5726116795828974,pinnacle,28,-141,129,,,,,,,,,,,,,,,,,,,,0.4,,,,,,,,,,,,,,,,,,,-150,0.5758305867437141,,pinnacle,,2026-07-21T22:26:19.272981+00:00,1,,0.0,-4.03,,True,True,sharp,6.82,win,,0.0,2026-07-04.v13-research1,ebe684b6aa76271158a53ba859a81432
2026-07-21,2026-07-21T16:26:47.535325+00:00,2026-07-21T23:41:00Z,mlb,New York Mets,Milwaukee Brewers,Moneyline,Milwaukee Brewers,,-138,0.0,,,D,7,84,91,4109,False,True,2.0,False,-0.041374963988076274,0.5558414074354852,0.5542635658914729,pinnacle,28,-130,120,,,,,,,,,,,,,,,,,,,,0.4,,,,,,,,,,,,,,,,,,,-135,0.5518215667965815,,pinnacle,,2026-07-21T22:26:19.272988+00:00,1,,-0.93,-4.83,,True,True,sharp,7.24,win,,0.0,2026-07-04.v13-research1,aac7942aa7683280dcbfe7dcfc16d44e
2026-07-21,2026-07-21T16:26:47.535325+00:00,2026-07-22T00:06:00Z,mlb,Chicago White Sox,Texas Rangers,Moneyline,Chicago White Sox,,107,0.0,,,D,7,50,57,2998,False,True,1.7,False,-0.0485953018186881,0.4596157962228559,0.46071473041962396,pinnacle,28,113,-122,,,,,,,,,,,,,,,,,,,,0.4,,,,,,,,,,,,,,,,,,,-104,0.4867217800149595,,pinnacle,,2026-07-21T22:26:19.272994+00:00,1,,5.53,0.75,,True,True,sharp,7.65,win,,0.0,2026-07-04.v13-research1,299179879cf35ddaecccdd15f48fb177
2026-07-21,2026-07-21T16:26:47.535325+00:00,2026-07-22T00:11:00Z,mlb,Miami Marlins,Houston Astros,Moneyline,Miami Marlins,,103,0.0,,,A,23,28,51,3761,True,True,1.6,False,-0.04482278590109845,0.4705306473393603,0.4713702319923538,pinnacle,28,108,-117,,,,,,,,,,,,,,,,,,,,0.4,,,,,,,,,,,,,,,,,,,103,0.4705306473393603,,pinnacle,,2026-07-21T22:26:19.272999+00:00,1,,0.0,-4.48,,True,True,sharp,7.74,loss,,-0.0,2026-07-04.v13-research1,8a1eca9b5002748c0050289d4c35b045
2026-07-21,2026-07-21T16:26:47.535325+00:00,2026-07-22T00:41:00Z,mlb,Washington Nationals,Colorado Rockies,Moneyline,Washington Nationals,,-111,0.0,,,D,8,77,85,6366,False,True,2.1,False,-0.044940496281246745,0.5024246678330881,0.5023568230025924,pinnacle,28,-105,-103,,,,,,,,,,,,,,,,,,,,0.4,,,,,,,,,,,,,,,,,,,-115,0.5121146249459602,,pinnacle,,2026-07-21T22:26:19.273006+00:00,1,,1.68,-2.65,,True,True,sharp,8.24,win,,0.0,2026-07-04.v13-research1,0d8a10122998e00420770fa704603388
2026-07-21,2026-07-21T16:26:47.535325+00:00,2026-07-22T01:39:00Z,mlb,St. Louis Cardinals,Los Angeles Angels,Moneyline,St. Louis Cardinals,,100,0.0,,,B,18,53,71,3443,False,True,2.6,False,-0.04307139302406182,0.4784643034879691,0.4790284493421793,pinnacle,28,105,-113,,,,,,,,,,,,,,,,,,,,0.4,,,,,,,,,,,,,,,,,,,100,0.4773345302216894,,pinnacle,,2026-07-21T22:26:19.273012+00:00,1,,0.0,-4.53,,True,True,sharp,9.2,loss,,-0.0,2026-07-04.v13-research1,3440c51cbfebc0ac81d574f6052d2eae
2026-07-21,2026-07-21T16:26:47.535325+00:00,2026-07-22T01:41:00Z,mlb,Athletics,Arizona Diamondbacks,Moneyline,Arizona Diamondbacks,,-133,0.0,,,D,9,68,77,2746,False,True,2.6,False,-0.03151529063175251,0.5528260358196434,0.5514636449480642,pinnacle,28,-128,119,,,,,,,,,,,,,,,,,,,,0.4,,,,,,,,,,,,,,,,,,,-133,0.5528260358196434,,pinnacle,,2026-07-21T22:26:19.273018+00:00,1,,0.0,-3.15,,True,True,sharp,9.24,loss,,-0.0,2026-07-04.v13-research1,8b96a836e0e20dedb471fa42febff567
2026-07-21,2026-07-21T16:26:47.535325+00:00,2026-07-22T01:41:00Z,mlb,Cincinnati Reds,Seattle Mariners,Moneyline,Cincinnati Reds,,101,0.0,,,A,30,42,72,6386,False,True,2.4,False,-0.04516036858130723,0.47504459274561833,0.47576897543704366,pinnacle,28,106,-115,,,,,,,,,,,,,,,,,,,,0.4,,,,,,,,,,,,,,,,,,,-101,0.47504459274561833,,pinnacle,,2026-07-21T22:26:19.273023+00:00,1,,1.0,-4.52,,True,True,sharp,9.24,loss,,-0.0,2026-07-04.v13-research1,3c82e5f5dfc13cc84376bc1add8c4c06
2026-07-21,2026-07-21T22:26:19.289029+00:00,2026-07-21T22:41:00Z,mlb,Minnesota Twins,Cleveland Guardians,Moneyline,Minnesota Twins,,132,0.0,,,B,13,14,27,11223,True,False,-3.6,False,-0.03655481106792513,0.41527809867761845,0.417586148361908,pinnacle,27,135,-146,,,,,,,,,,,,,,,,,,,,0.4,,,,,,,,,,,,,,,,,,,132,0.41527809867761845,,pinnacle,,2026-07-21T22:26:19.289029+00:00,0,,0.0,-3.66,,False,True,sharp,0.24,loss,,-0.0,2026-07-04.v13-research1,0423e391e6f8cfd58c7f2f1c72d0aec7
2026-07-21,2026-07-21T22:26:19.289029+00:00,2026-07-22T00:06:00Z,mlb,Detroit Tigers,Chicago Cubs,Moneyline,Detroit Tigers,,102,0.0,,,D,7,51,58,10985,False,False,1.5,False,-0.044990987228887946,0.4727767389956,0.473559589581689,pinnacle,27,107,-116,,,,,,,,,,,,,,,,,,,,0.4,,,,,,,,,,,,,,,,,,,101,0.47616611675827647,,pinnacle,,2026-07-21T23:40:47.473409+00:00,1,,0.5,-3.81,,True,True,sharp,1.66,win,,0.0,2026-07-04.v13-research1,38b96dae7f6cab01cf931c9faefc2606
2026-07-22,2026-07-22T16:24:18.855080+00:00,2026-07-22T17:36:00Z,MLB,Baltimore Orioles,Boston Red Sox,Moneyline,Baltimore Orioles,,137,1.0,Single sharp signal,sharp,A,44,13,57,1731,True,False,1.5,False,,0.4017348767013355,0.40469766703697824,pinnacle,26,142,-155,146,150,0.4033,,,,,,,,,,,,,,,,,0.1,140,142,GTbets,,,,,,,,,,0.435,0.43,0.44,-0.0765,betonline,-0.0358,106,0.4639198222900696,,pinnacle,,2026-07-22T22:32:45.627391+00:00,1,,15.05,9.95,,True,,,1.19,loss,,-1.0,2026-07-21.v14-suppressfix1,10ee5044193bffe8f24adf381ebde5ad
2026-07-22,2026-07-22T16:24:18.855080+00:00,2026-07-22T20:08:00Z,MLB,St. Louis Cardinals,Los Angeles Angels,Moneyline,St. Louis Cardinals,,111,1.0,Single sharp signal,sharp,A,25,44,69,4175,False,True,1.9,False,,0.45227242926360545,0.45366950377388787,pinnacle,28,116,-126,120,126,0.4485,,,,,,,,,,,,,,,,,0.1,117,120,Everygame,,,,,,,,,,0.445,0.44,0.45,0.0163,polymarket,0.0163,111,0.45227242926360545,,pinnacle,,2026-07-22T16:24:18.855080+00:00,0,,0.0,-4.57,,False,,,3.73,win,,1.11,2026-07-21.v14-suppressfix1,9121395092ebe73ce8eaba439dc5be34
2026-07-22,2026-07-22T16:24:18.855080+00:00,2026-07-22T23:10:00Z,MLB,Baltimore Orioles,Boston Red Sox,Moneyline,Baltimore Orioles,,115,1.0,Single sharp signal,sharp,A,44,13,57,1731,True,False,1.5,False,,0.44217584694940515,0.4437955082515226,pinnacle,28,121,-131,122,132,0.4407,,,,,,,,,,,,,,,,,0.1,123,126,GTbets,,,,,,,,,,0.435,0.43,0.44,0.0165,polymarket,0.0165,106,0.4639198222900696,,pinnacle,,2026-07-22T22:32:45.627411+00:00,1,,4.37,-0.26,,True,,,6.76,loss,,-1.0,2026-07-21.v14-suppressfix1,e3d220f8bbf8ac99e58dbf7088695b59
2026-07-22,2026-07-22T16:24:18.855080+00:00,2026-07-22T17:36:00Z,mlb,Baltimore Orioles,Boston Red Sox,Moneyline,Baltimore Orioles,,137,0.0,,,A,44,13,57,1731,True,False,1.5,False,-0.04788834221783478,0.4017348767013355,0.40469766703697824,pinnacle,26,142,-155,,,,,,,,,,,,,,,,,,,,0.1,,,,,,,,,,,,,,,,,,,106,0.4639198222900696,,pinnacle,,2026-07-22T22:32:45.627419+00:00,1,,15.05,9.95,,True,True,sharp,1.19,loss,,-0.0,2026-07-21.v14-suppressfix1,10ee5044193bffe8f24adf381ebde5ad
2026-07-22,2026-07-22T16:24:18.855080+00:00,2026-07-22T19:11:00Z,mlb,Washington Nationals,Colorado Rockies,Moneyline,Washington Nationals,,-144,0.0,,,D,9,81,90,6381,False,True,1.9,False,-0.03681695528481277,0.5684358952417499,0.566426402253851,pinnacle,28,-137,126,,,,,,,,,,,,,,,,,,,,0.1,,,,,,,,,,,,,,,,,,,-144,0.5684358952417499,,pinnacle,,2026-07-22T16:24:18.855080+00:00,0,,0.0,-3.68,,False,True,sharp,2.78,win,,0.0,2026-07-21.v14-suppressfix1,fcc83e954b9e74964b190cb0e29366c7
2026-07-22,2026-07-22T16:24:18.855080+00:00,2026-07-22T20:08:00Z,mlb,St. Louis Cardinals,Los Angeles Angels,Moneyline,St. Louis Cardinals,,111,0.0,,,A,25,44,69,4175,False,True,1.9,False,-0.04570517425379239,0.45227242926360545,0.45366950377388787,pinnacle,28,116,-126,,,,,,,,,,,,,,,,,,,,0.1,,,,,,,,,,,,,,,,,,,111,0.45227242926360545,,pinnacle,,2026-07-22T16:24:18.855080+00:00,0,,0.0,-4.57,,False,True,sharp,3.73,win,,0.0,2026-07-21.v14-suppressfix1,9121395092ebe73ce8eaba439dc5be34
2026-07-22,2026-07-22T16:24:18.855080+00:00,2026-07-22T22:40:00Z,mlb,Los Angeles Dodgers,Philadelphia Phillies,Moneyline,Los Angeles Dodgers,,-124,0.0,,,D,7,77,84,6129,False,False,1.5,False,-0.039520520559123806,0.5316939975476279,0.5307993629202359,pinnacle,27,-118,109,,,,,,,,,,,,,,,,,,,,0.1,,,,,,,,,,,,,,,,,,,-131,0.540384203777144,,pinnacle,,2026-07-22T22:32:45.627427+00:00,1,,2.44,-2.38,,True,True,sharp,6.26,win,,0.0,2026-07-21.v14-suppressfix1,111a955795876d50988b15c219ce0796
2026-07-22,2026-07-22T16:24:18.855080+00:00,2026-07-22T22:41:00Z,mlb,Minnesota Twins,Cleveland Guardians,Moneyline,Minnesota Twins,,106,0.0,,,B,18,24,42,3776,True,True,2.6,False,-0.050975820253446824,0.46069134939153067,0.461884154460719,pinnacle,28,112,-122,,,,,,,,,,,,,,,,,,,,0.1,,,,,,,,,,,,,,,,,,,127,0.41878910131371233,,pinnacle,,2026-07-23T16:40:03.058837+00:00,2,,-9.25,-13.73,,True,True,sharp,6.28,win,,0.0,2026-07-21.v14-suppressfix1,be25eb82b82629d959c1e5ccb8dcc1e7
2026-07-22,2026-07-22T16:24:18.855080+00:00,2026-07-22T23:10:00Z,mlb,Baltimore Orioles,Boston Red Sox,Moneyline,Baltimore Orioles,,115,0.0,,,A,44,13,57,1731,True,False,1.5,False,-0.04932192905877897,0.44217584694940515,0.4437955082515226,pinnacle,28,121,-131,,,,,,,,,,,,,,,,,,,,0.1,,,,,,,,,,,,,,,,,,,106,0.4639198222900696,,pinnacle,,2026-07-22T22:32:45.627436+00:00,1,,4.37,-0.26,,True,True,sharp,6.76,loss,,-0.0,2026-07-21.v14-suppressfix1,e3d220f8bbf8ac99e58dbf7088695b59
2026-07-22,2026-07-22T16:24:18.855080+00:00,2026-07-23T00:11:00Z,mlb,Miami Marlins,Houston Astros,Moneyline,Miami Marlins,,-104,0.0,,,C,11,26,37,4185,True,False,1.3,False,-0.04527650843219466,0.4867217800149595,0.48712595685455806,pinnacle,28,101,-110,,,,,,,,,,,,,,,,,,,,0.1,,,,,,,,,,,,,,,,,,,-110,0.5000000000000001,,pinnacle,,2026-07-22T23:40:28.340055+00:00,2,,2.75,-1.92,,True,True,sharp,7.78,loss,,-0.0,2026-07-21.v14-suppressfix1,46df00997efe9e30fd9b1130a3774851
2026-07-22,2026-07-22T22:32:45.642916+00:00,2026-07-23T00:11:00Z,MLB,Miami Marlins,Houston Astros,Moneyline,Miami Marlins,,-108,1.0,Single sharp signal,sharp,A,20,26,46,9749,True,True,1.7,False,,0.4951504768893307,0.49528568734678485,pinnacle,28,-102,-106,102,104,0.4926,,,,,,,,,,,,,,,,,0.3,100,104,1xBet,,,,,,,,,,0.485,0.48,0.49,0.0209,polymarket,0.0209,-110,0.5000000000000001,,pinnacle,,2026-07-22T23:40:28.340072+00:00,1,,0.88,-3.7,,True,,,1.64,loss,,-1.0,2026-07-21.v14-suppressfix1,46df00997efe9e30fd9b1130a3774851
2026-07-22,2026-07-22T22:32:45.642916+00:00,2026-07-22T23:05:00Z,mlb,Pittsburgh Pirates,New York Yankees,Moneyline,New York Yankees,,-185,0.0,,,D,11,80,91,5912,False,True,2.9,False,-0.0339099939121722,0.6271110565833268,0.6232876712328766,pinnacle,27,-175,160,,,,,,,,,,,,,,,,,,,,0.3,,,,,,,,,,,,,,,,,,,-185,0.6271110565833268,,pinnacle,,2026-07-22T22:32:45.642916+00:00,0,,0.0,-3.39,,False,True,sharp,0.54,loss,,-0.0,2026-07-21.v14-suppressfix1,825819c6eb7f33c306b094f49bcd9bb0
2026-07-22,2026-07-22T22:32:45.642916+00:00,2026-07-22T23:10:00Z,mlb,Baltimore Orioles,Boston Red Sox,Moneyline,Boston Red Sox,,-126,0.0,,,D,21,76,97,6341,False,True,2.4,False,-0.0384593637901246,0.5360801777099305,0.5350803043110736,pinnacle,27,-120,111,,,,,,,,,,,,,,,,,,,,0.3,,,,,,,,,,,,,,,,,,,-126,0.5360801777099305,,pinnacle,,2026-07-22T22:32:45.642916+00:00,0,,0.0,-3.85,,False,True,sharp,0.62,win,,0.0,2026-07-21.v14-suppressfix1,e3d220f8bbf8ac99e58dbf7088695b59
2026-07-22,2026-07-22T22:32:45.642916+00:00,2026-07-22T23:16:00Z,mlb,San Diego Padres,Atlanta Braves,Moneyline,Atlanta Braves,,-115,0.0,,,D,6,59,65,9148,False,False,-13.4,False,-0.0425683098836398,0.5121146249459602,0.511784905043332,pinnacle,28,-109,101,,,,,,,,,,,,,,,,,,,,0.3,,,,,,,,,,,,,,,,,,,-115,0.5121146249459602,,pinnacle,,2026-07-22T22:32:45.642916+00:00,0,,0.0,-4.26,,False,True,sharp,0.72,win,,0.0,2026-07-21.v14-suppressfix1,573a8d20a4ce1b6795f2e3ac8d30cae0
2026-07-22,2026-07-22T22:32:45.642916+00:00,2026-07-23T00:06:00Z,mlb,Chicago White Sox,Texas Rangers,Moneyline,Chicago White Sox,,-124,0.0,,,D,8,48,56,10057,False,True,1.9,False,-0.039520520559123806,0.5316939975476279,0.5307993629202359,pinnacle,28,-118,109,,,,,,,,,,,,,,,,,,,,0.3,,,,,,,,,,,,,,,,,,,-124,0.5316939975476279,,pinnacle,,2026-07-22T23:40:28.340086+00:00,1,,0.0,-3.95,,True,True,sharp,1.55,win,,0.0,2026-07-21.v14-suppressfix1,5a272ddcdf5d8b9d87abacf3a492c021
2026-07-23,2026-07-23T16:40:03.075842+00:00,2026-07-23T17:11:00Z,mlb,Minnesota Twins,Cleveland Guardians,Moneyline,Minnesota Twins,,127,0.0,,,B,15,32,47,14050,True,True,2.6,False,-0.04934874001787304,0.41878910131371233,0.421038100496963,pinnacle,28,133,-144,,,,,,,,,,,,,,,,,,,,0.3,,,,,,,,,,,,,,,,,,,127,0.41878910131371233,,pinnacle,,2026-07-23T16:40:03.075842+00:00,0,,0.0,-4.93,,False,True,sharp,0.52,win,,0.0,2026-07-21.v14-suppressfix1,5c7e77b42c0db49ce882d3c9473d74c1
2026-07-23,2026-07-23T22:30:35.491682+00:00,2026-07-23T22:41:00Z,mlb,Kansas City Royals,Detroit Tigers,Moneyline,Kansas City Royals,,190,0.0,,,D,6,14,20,24455,True,True,2.9,False,-0.061161946286139135,0.32373725990133134,0.3293766701883041,pinnacle,28,197,-218,,,,,,,,,,,,,,,,,,,,0.1,,,,,,,,,,,,,,,,,,,220,0.29145680201184193,,pinnacle,,2026-07-24T16:46:46.585698+00:00,1,,-9.38,-15.48,,True,True,sharp,0.17,loss,,-0.0,2026-07-21.v14-suppressfix1,38d3052ec454022a14314b324e0ff5f3
2026-07-24,2026-07-24T16:46:46.604672+00:00,2026-07-24T20:11:00Z,mlb,Colorado Rockies,Milwaukee Brewers,Moneyline,Milwaukee Brewers,,-300,0.0,,,D,12,83,95,9279,False,True,2.8,False,-0.031726888745280735,0.7262048334410395,0.7184693071961628,pinnacle,28,-278,247,,,,,,,,,,,,,,,,,,,,0.2,,,,,,,,,,,,,,,,,,,-218,0.6660110150552075,,pinnacle,,2026-07-24T23:43:02.562657+00:00,1,,-8.6,-11.2,,True,True,sharp,3.4,loss,,-0.0,2026-07-21.v14-suppressfix1,d7f4b3c3080d3f6612a4be54f7e0f798
2026-07-24,2026-07-24T16:46:46.604672+00:00,2026-07-24T22:41:00Z,mlb,Chicago Cubs,Pittsburgh Pirates,Moneyline,Chicago Cubs,,-109,0.0,,,D,10,56,66,7603,False,True,2.4,False,-0.045933537404728164,0.4975753321669121,0.49764317699740745,pinnacle,28,-103,-105,,,,,,,,,,,,,,,,,,,,0.2,,,,,,,,,,,,,,,,,,,102,0.4773345302216894,,pinnacle,,2026-07-25T16:08:26.340811+00:00,2,,-5.08,-8.47,,True,True,sharp,5.9,win,,0.0,2026-07-21.v14-suppressfix1,263aac2dfd923f6a65c5136418407715
2026-07-24,2026-07-24T16:46:46.604672+00:00,2026-07-24T22:46:00Z,mlb,Arizona Diamondbacks,Washington Nationals,Moneyline,Arizona Diamondbacks,,-131,0.0,,,D,13,74,87,6356,False,False,1.3,False,-0.04151342097267863,0.543557324037139,0.5422592774235736,pinnacle,28,-124,114,,,,,,,,,,,,,,,,,,,,0.2,,,,,,,,,,,,,,,,,,,115,0.44021088921375623,,pinnacle,,2026-07-25T16:08:26.340839+00:00,2,,-17.98,-22.38,,True,True,sharp,5.99,win,,0.0,2026-07-21.v14-suppressfix1,12a8e27a29d44d46e10583c9c875e5f5
2026-07-24,2026-07-24T16:46:46.604672+00:00,2026-07-24T23:06:00Z,mlb,Atlanta Braves,Baltimore Orioles,Moneyline,Atlanta Braves,,-101,0.0,,,D,7,61,68,5351,False,True,2.1,False,-0.04545521995376123,0.479646879525722,0.48024891774891776,pinnacle,28,104,-113,,,,,,,,,,,,,,,,,,,,0.2,,,,,,,,,,,,,,,,,,,-106,0.4902994533388244,,pinnacle,,2026-07-25T16:08:26.340851+00:00,2,,2.4,-2.43,,True,True,sharp,6.32,win,,0.0,2026-07-21.v14-suppressfix1,5dc243f04181b459d0cc18968be70660
2026-07-24,2026-07-24T16:46:46.604672+00:00,2026-07-24T23:11:00Z,mlb,Cleveland Guardians,Tampa Bay Rays,Moneyline,Cleveland Guardians,,109,0.0,,,B,14,28,42,5558,True,True,1.5,False,-0.03940298589423119,0.4596157962228559,0.46071473041962396,pinnacle,28,113,-122,,,,,,,,,,,,,,,,,,,,0.2,,,,,,,,,,,,,,,,,,,-103,0.4831284931187094,,pinnacle,,2026-07-25T16:08:26.340862+00:00,2,,6.04,0.97,,True,True,sharp,6.4,loss,,-0.0,2026-07-21.v14-suppressfix1,29437f5a0e0b0af43535ee03d438df64
2026-07-24,2026-07-24T16:46:46.604672+00:00,2026-07-24T23:11:00Z,mlb,Los Angeles Dodgers,New York Mets,Moneyline,Los Angeles Dodgers,,-135,0.0,,,D,12,81,93,7431,False,True,2.6,False,-0.03942171705780273,0.5518215667965815,0.5503313348059325,pinnacle,27,-128,118,,,,,,,,,,,,,,,,,,,,0.2,,,,,,,,,,,,,,,,,,,-157,0.589059746986788,,pinnacle,,2026-07-25T16:08:26.340870+00:00,2,,6.34,2.54,,True,True,sharp,6.4,win,,0.0,2026-07-21.v14-suppressfix1,cee011b0978086fc2ebee48d455d495e
2026-07-24,2026-07-24T16:46:46.604672+00:00,2026-07-24T23:16:00Z,mlb,Toronto Blue Jays,Boston Red Sox,Moneyline,Toronto Blue Jays,,108,0.0,,,B,16,20,36,4922,True,True,2.8,False,-0.04841276004205086,0.4574938653643986,0.45864012175558383,pinnacle,28,114,-123,,,,,,,,,,,,,,,,,,,,0.2,,,,,,,,,,,,,,,,,,,-107,0.4927252465755065,,pinnacle,,2026-07-25T16:08:26.340878+00:00,2,,7.52,2.49,,True,True,sharp,6.49,loss,,-0.0,2026-07-21.v14-suppressfix1,7cb10d307b371751677d513fb168b3bd
2026-07-24,2026-07-24T16:46:46.604672+00:00,2026-07-25T00:11:00Z,mlb,Athletics,Minnesota Twins,Moneyline,Minnesota Twins,,-148,0.0,,,D,6,77,83,4301,False,True,1.8,False,-0.038152105028696814,0.5740060018377132,0.5718872636460934,pinnacle,28,-140,129,,,,,,,,,,,,,,,,,,,,0.2,,,,,,,,,,,,,,,,,,,-159,0.5924427806285693,,pinnacle,,2026-07-25T16:08:26.340887+00:00,3,,2.87,-0.73,,True,True,sharp,7.4,loss,,-0.0,2026-07-21.v14-suppressfix1,6f9f1f656034bccc0a22e55a976cdf3b
2026-07-24,2026-07-24T16:46:46.604672+00:00,2026-07-25T00:16:00Z,mlb,Cincinnati Reds,St. Louis Cardinals,Moneyline,Cincinnati Reds,,129,0.0,,,D,8,19,27,3927,True,True,1.5,False,-0.04305623443696993,0.41787937360831007,0.42034828858196793,pinnacle,28,133,-145,,,,,,,,,,,,,,,,,,,,0.2,,,,,,,,,,,,,,,,,,,-107,0.4927252465755065,,pinnacle,,2026-07-25T16:08:26.340895+00:00,3,,18.37,12.83,,True,True,sharp,7.49,win,,0.0,2026-07-21.v14-suppressfix1,e52022e436fbab769c0e31e1eec70f53
2026-07-24,2026-07-24T22:33:50.906238+00:00,2026-07-24T22:41:00Z,mlb,Kansas City Royals,Detroit Tigers,Moneyline,Kansas City Royals,,220,0.0,,,B,18,8,26,16302,True,False,-7.2,False,-0.06180051525282293,0.2931873389834928,0.2999522803190402,pinnacle,28,226,-252,,,,,,,,,,,,,,,,,,,,0.2,,,,,,,,,,,,,,,,,,,220,0.2931873389834928,,pinnacle,,2026-07-24T22:33:50.906238+00:00,0,,0.0,-6.18,,False,True,sharp,0.12,loss,,-0.0,2026-07-21.v14-suppressfix1,74d637de5babda95c445e8cf11c32a15
2026-07-24,2026-07-24T22:33:50.906238+00:00,2026-07-24T23:41:00Z,mlb,Houston Astros,Chicago White Sox,Moneyline,Chicago White Sox,,-132,0.0,,,D,10,70,80,16423,False,True,3.5,False,-0.042809502214272044,0.54460838667119,0.5434162250305749,pinnacle,28,-124,115,,,,,,,,,,,,,,,,,,,,0.2,,,,,,,,,,,,,,,,,,,-125,0.5338975048390597,,pinnacle,,2026-07-25T16:08:26.340905+00:00,1,,-2.36,-6.16,,True,True,sharp,1.12,loss,,-0.0,2026-07-21.v14-suppressfix1,e25ed72c9f5c072ef60c242c29ccf1a3
2026-07-25,2026-07-25T16:08:26.361314+00:00,2026-07-25T20:06:00Z,mlb,Arizona Diamondbacks,Washington Nationals,Moneyline,Washington Nationals,,-138,0.0,,,D,15,69,84,7921,False,True,2.7,False,-0.03456660603531814,0.559789110786244,0.5581289044644218,pinnacle,28,-132,122,,,,,,,,,,,,,,,,,,,,0.2,,,,,,,,,,,,,,,,,,,-138,0.559789110786244,,pinnacle,,2026-07-25T16:08:26.361314+00:00,0,,0.0,-3.46,,False,True,sharp,3.96,loss,,-0.0,2026-07-21.v14-suppressfix1,4d0a3e98e89c319342e1597db85fdb41
2026-07-25,2026-07-25T16:08:26.361314+00:00,2026-07-25T20:06:00Z,mlb,Los Angeles Angels,San Francisco Giants,Moneyline,San Francisco Giants,,-125,0.0,,,D,7,80,87,4750,False,True,2.2,False,-0.031163835728701073,0.5382423134840549,0.5371921594907021,pinnacle,28,-121,112,,,,,,,,,,,,,,,,,,,,0.2,,,,,,,,,,,,,,,,,,,-125,0.5382423134840549,,pinnacle,,2026-07-25T16:08:26.361314+00:00,0,,0.0,-3.12,,False,True,sharp,3.96,win,,0.0,2026-07-21.v14-suppressfix1,fbf7e1c3dc649ffbc76604f37419e3d8
2026-07-25,2026-07-25T16:08:26.361314+00:00,2026-07-25T20:11:00Z,mlb,Toronto Blue Jays,Boston Red Sox,Moneyline,Boston Red Sox,,-113,0.0,,,D,7,80,87,7658,False,True,1.7,False,-0.043809535580379366,0.5072747534244936,0.5070731362286036,pinnacle,28,-107,-101,,,,,,,,,,,,,,,,,,,,0.2,,,,,,,,,,,,,,,,,,,-113,0.5072747534244936,,pinnacle,,2026-07-25T16:08:26.361314+00:00,0,,0.0,-4.38,,False,True,sharp,4.04,win,,0.0,2026-07-21.v14-suppressfix1,e7cd26360ce2edd30f37cdfc01391fd5
2026-07-25,2026-07-25T16:08:26.361314+00:00,2026-07-25T22:11:00Z,mlb,Cleveland Guardians,Tampa Bay Rays,Moneyline,Tampa Bay Rays,,-117,0.0,,,D,8,85,93,6437,False,True,2.9,False,-0.041357974416751375,0.5168715068812907,0.5164210574565122,pinnacle,28,-111,103,,,,,,,,,,,,,,,,,,,,0.2,,,,,,,,,,,,,,,,,,,-117,0.5168715068812907,,pinnacle,,2026-07-25T16:08:26.361314+00:00,0,,0.0,-4.14,,False,True,sharp,6.04,win,,0.0,2026-07-21.v14-suppressfix1,6b50126f3d5d20aaeb5339572c025bf3
2026-07-25,2026-07-25T16:08:26.361314+00:00,2026-07-25T22:41:00Z,mlb,Chicago Cubs,Pittsburgh Pirates,Moneyline,Pittsburgh Pirates,,-122,0.0,,,D,6,63,69,5437,False,True,2.3,False,-0.0489202107312704,0.5226654697783109,0.5220013401831584,pinnacle,28,-114,105,,,,,,,,,,,,,,,,,,,,0.2,,,,,,,,,,,,,,,,,,,-128,0.5316939975476279,,pinnacle,,2026-07-25T22:25:50.919617+00:00,1,,2.16,-3.25,,True,True,sharp,6.54,loss,,-0.0,2026-07-21.v14-suppressfix1,cf3dedae37cf6426bfdf0b99237f1ba0
2026-07-25,2026-07-25T16:08:26.361314+00:00,2026-07-25T23:11:00Z,mlb,Houston Astros,Chicago White Sox,Moneyline,Chicago White Sox,,-125,0.0,,,D,7,63,70,5922,False,True,2.3,False,-0.0389844912896925,0.5338975048390597,0.5329494561740244,pinnacle,28,-119,110,,,,,,,,,,,,,,,,,,,,0.2,,,,,,,,,,,,,,,,,,,-126,0.5338975048390597,,pinnacle,,2026-07-25T22:25:50.919639+00:00,1,,0.35,-3.9,,True,True,sharp,7.04,loss,,-0.0,2026-07-21.v14-suppressfix1,159efeea2dcd885c7cbe6edfea2f2603
2026-07-25,2026-07-25T16:08:26.361314+00:00,2026-07-25T23:11:00Z,mlb,Colorado Rockies,Milwaukee Brewers,Moneyline,Milwaukee Brewers,,-245,0.0,,,D,7,85,92,4321,False,True,2.6,False,-0.040366183562477564,0.681479087035342,0.6758525179134135,pinnacle,28,-223,202,,,,,,,,,,,,,,,,,,,,0.2,,,,,,,,,,,,,,,,,,,-240,0.6783698656109851,,pinnacle,,2026-07-25T22:25:50.919649+00:00,1,,-0.6,-4.47,,True,True,sharp,7.04,loss,,-0.0,2026-07-21.v14-suppressfix1,7d87987ec48dfc47ee32eab874f92200
2026-07-25,2026-07-25T16:08:26.361314+00:00,2026-07-25T23:16:00Z,mlb,Cincinnati Reds,St. Louis Cardinals,Moneyline,Cincinnati Reds,,-107,0.0,,,B,19,38,57,4437,False,True,1.9,False,-0.04678386877448737,0.4927252465755065,0.4929268637713962,pinnacle,28,-101,-107,,,,,,,,,,,,,,,,,,,,0.2,,,,,,,,,,,,,,,,,,,-112,0.5024246678330881,,pinnacle,,2026-07-25T22:25:50.919657+00:00,1,,2.2,-2.8,,True,True,sharp,7.13,win,,0.0,2026-07-21.v14-suppressfix1,f1e238320de4aea5750434c876076d20
2026-07-26,2026-07-26T16:07:06.802522+00:00,2026-07-26T23:21:00Z,MLB,New York Yankees,Philadelphia Phillies,Moneyline,New York Yankees,,164,1.0,Single sharp signal,sharp,A,22,20,42,9289,True,True,2.7,False,,0.3592489888723171,0.3637103542996668,pinnacle,28,169,-186,172,186,0.3586,,,,,,,,,,,,,,,,,0.6,167,169,Pinnacle,,,,,,,,,,0.355,0.35,0.36,0.012,polymarket,0.012,178,0.3370966788868955,,pinnacle,,2026-07-26T22:29:13.341159+00:00,1,,-5.04,-11.01,,True,,,7.23,loss,,-1.0,2026-07-21.v14-suppressfix1,210e6566d3641ee245e8a099a1679244
2026-07-26,2026-07-26T16:07:06.802522+00:00,2026-07-26T16:16:00Z,mlb,Cleveland Guardians,Tampa Bay Rays,Moneyline,Cleveland Guardians,,104,0.0,,,B,18,29,47,11208,True,True,2.1,False,-0.04915090987168169,0.4661024951609403,0.4670505438259757,pinnacle,28,110,-119,,,,,,,,,,,,,,,,,,,,0.6,,,,,,,,,,,,,,,,,,,104,0.4661024951609403,,pinnacle,,2026-07-26T16:07:06.802522+00:00,0,,0.0,-4.92,,False,True,sharp,0.15,loss,,-0.0,2026-07-21.v14-suppressfix1,d651270eb53d061fc93a471f11c2f53d
2026-07-26,2026-07-26T16:07:06.802522+00:00,2026-07-26T17:36:00Z,mlb,Arizona Diamondbacks,Washington Nationals,Moneyline,Arizona Diamondbacks,,-114,0.0,,,D,9,59,68,7219,False,True,2.1,False,-0.03417515079649469,0.5145048262112131,0.5141138361869505,pinnacle,28,-110,102,,,,,,,,,,,,,,,,,,,,0.6,,,,,,,,,,,,,,,,,,,-114,0.5145048262112131,,pinnacle,,2026-07-26T16:07:06.802522+00:00,0,,0.0,-3.42,,False,True,sharp,1.48,loss,,-0.0,2026-07-21.v14-suppressfix1,714c1847e9003da34be408b74dca72e3
2026-07-26,2026-07-26T16:07:06.802522+00:00,2026-07-26T17:36:00Z,mlb,Atlanta Braves,Baltimore Orioles,Moneyline,Atlanta Braves,,-116,0.0,,,D,29,55,84,6331,False,True,1.9,False,-0.055419424657839556,0.5072747534244936,0.5070731362286036,pinnacle,28,-107,-101,,,,,,,,,,,,,,,,,,,,0.6,,,,,,,,,,,,,,,,,,,-116,0.5072747534244936,,pinnacle,,2026-07-26T16:07:06.802522+00:00,0,,0.0,-5.54,,False,True,sharp,1.48,win,,0.0,2026-07-21.v14-suppressfix1,ce049001315d997fa2641116b7a1ede0
2026-07-26,2026-07-26T16:07:06.802522+00:00,2026-07-26T17:36:00Z,mlb,Toronto Blue Jays,Boston Red Sox,Moneyline,Boston Red Sox,,-148,0.0,,,D,18,71,89,7941,False,True,2.4,False,-0.044347299802489526,0.5703088694727079,0.5682618002394515,pinnacle,28,-138,127,,,,,,,,,,,,,,,,,,,,0.6,,,,,,,,,,,,,,,,,,,-148,0.5703088694727079,,pinnacle,,2026-07-26T16:07:06.802522+00:00,0,,0.0,-4.43,,False,True,sharp,1.48,win,,0.0,2026-07-21.v14-suppressfix1,48df7c31ab5c07dc2c7073170f193a8f
2026-07-26,2026-07-26T16:07:06.802522+00:00,2026-07-26T17:36:00Z,mlb,Chicago Cubs,Pittsburgh Pirates,Moneyline,Pittsburgh Pirates,,-130,0.0,,,D,9,58,67,10536,False,True,2.4,False,-0.040181454106243186,0.5425061346356017,0.5413598782444161,pinnacle,28,-123,114,,,,,,,,,,,,,,,,,,,,0.6,,,,,,,,,,,,,,,,,,,-130,0.5425061346356017,,pinnacle,,2026-07-26T16:07:06.802522+00:00,0,,0.0,-4.02,,False,True,sharp,1.48,win,,0.0,2026-07-21.v14-suppressfix1,458f1aad594ae5477de447c6d836a79d
2026-07-26,2026-07-26T16:07:06.802522+00:00,2026-07-26T17:41:00Z,mlb,Kansas City Royals,Detroit Tigers,Moneyline,Detroit Tigers,,-192,0.0,,,D,13,69,82,5063,False,True,2.5,False,-0.03578213720016743,0.6340062659505747,0.6301188903566711,pinnacle,28,-180,165,,,,,,,,,,,,,,,,,,,,0.6,,,,,,,,,,,,,,,,,,,-192,0.6340062659505747,,pinnacle,,2026-07-26T16:07:06.802522+00:00,0,,0.0,-3.58,,False,True,sharp,1.56,loss,,-0.0,2026-07-21.v14-suppressfix1,695de475f6a8dd1f205bda6ba50db0ee
2026-07-26,2026-07-26T16:07:06.802522+00:00,2026-07-26T17:41:00Z,mlb,Los Angeles Dodgers,New York Mets,Moneyline,Los Angeles Dodgers,,-148,0.0,,,D,12,78,90,7820,False,True,2.6,False,-0.03509469248350605,0.5758305867437141,0.5736776932602158,pinnacle,27,-141,130,,,,,,,,,,,,,,,,,,,,0.6,,,,,,,,,,,,,,,,,,,-148,0.5758305867437141,,pinnacle,,2026-07-26T16:07:06.802522+00:00,0,,0.0,-3.51,,False,True,sharp,1.56,loss,,-0.0,2026-07-21.v14-suppressfix1,17b69aed6b1c1715ffbd01b155af848d
2026-07-26,2026-07-26T16:07:06.802522+00:00,2026-07-26T17:41:00Z,mlb,San Diego Padres,Miami Marlins,Moneyline,San Diego Padres,,104,0.0,,,B,19,49,68,6043,False,True,1.9,False,-0.044655754997160346,0.46830600245237236,0.46920063707976417,pinnacle,28,109,-118,,,,,,,,,,,,,,,,,,,,0.6,,,,,,,,,,,,,,,,,,,104,0.46830600245237236,,pinnacle,,2026-07-26T16:07:06.802522+00:00,0,,0.0,-4.47,,False,True,sharp,1.56,win,,0.0,2026-07-21.v14-suppressfix1,3f5e40b78b4be8ec30a552f1081e4dc0
2026-07-26,2026-07-26T16:07:06.802522+00:00,2026-07-26T18:11:00Z,mlb,Athletics,Minnesota Twins,Moneyline,Athletics,,131,0.0,,,B,19,32,51,4690,True,False,1.3,False,-0.04677128030397282,0.4126531254095356,0.4152156442539512,pinnacle,28,136,-148,,,,,,,,,,,,,,,,,,,,0.6,,,,,,,,,,,,,,,,,,,131,0.4126531254095356,,pinnacle,,2026-07-26T16:07:06.802522+00:00,0,,0.0,-4.68,,False,True,sharp,2.06,loss,,-0.0,2026-07-21.v14-suppressfix1,a9c8aad6e31f322b330deb1a7fdd3eb3
2026-07-26,2026-07-26T16:07:06.802522+00:00,2026-07-26T18:11:00Z,mlb,Houston Astros,Chicago White Sox,Moneyline,Chicago White Sox,,-112,0.0,,,B,15,49,64,5775,False,True,2.1,False,-0.030640174209432547,0.5121146249459602,0.511784905043332,pinnacle,28,-109,101,,,,,,,,,,,,,,,,,,,,0.6,,,,,,,,,,,,,,,,,,,-112,0.5121146249459602,,pinnacle,,2026-07-26T16:07:06.802522+00:00,0,,0.0,-3.06,,False,True,sharp,2.06,win,,0.0,2026-07-21.v14-suppressfix1,b61e67dbd760d186d865cc2ff013a7c0
2026-07-26,2026-07-26T16:07:06.802522+00:00,2026-07-26T18:16:00Z,mlb,Cincinnati Reds,St. Louis Cardinals,Moneyline,St. Louis Cardinals,,-136,0.0,,,D,12,66,78,5684,False,True,2.2,False,-0.03892361499564223,0.553840628646579,0.5523059177728685,pinnacle,28,-129,119,,,,,,,,,,,,,,,,,,,,0.6,,,,,,,,,,,,,,,,,,,-136,0.553840628646579,,pinnacle,,2026-07-26T16:07:06.802522+00:00,0,,0.0,-3.89,,False,True,sharp,2.15,loss,,-0.0,2026-07-21.v14-suppressfix1,9064f61fe767dfa3c4a613a4f02250d3
2026-07-26,2026-07-26T16:07:06.802522+00:00,2026-07-26T18:36:00Z,mlb,Seattle Mariners,Texas Rangers,Moneyline,Texas Rangers,,-114,0.0,,,D,6,61,67,6957,False,False,1.4,False,-0.04319371065358246,0.5097005466611757,0.509433962264151,pinnacle,28,-108,100,,,,,,,,,,,,,,,,,,,,0.6,,,,,,,,,,,,,,,,,,,111,0.45470224710993035,,consensus,,2026-07-26T22:29:13.341185+00:00,1,,-11.03,-14.64,,True,True,sharp,2.48,loss,,-0.0,2026-07-21.v14-suppressfix1,8eb22b9b7908e0cc06501501e79a4d17
2026-07-26,2026-07-26T16:07:06.802522+00:00,2026-07-26T20:06:00Z,mlb,Los Angeles Angels,San Francisco Giants,Moneyline,Los Angeles Angels,,-111,0.0,,,B,13,28,41,3968,True,True,3.1,False,-0.044940496281246745,0.5024246678330881,0.5023568230025924,pinnacle,28,-105,-103,,,,,,,,,,,,,,,,,,,,0.6,,,,,,,,,,,,,,,,,,,-111,0.5024246678330881,,pinnacle,,2026-07-26T16:07:06.802522+00:00,0,,0.0,-4.49,,False,True,sharp,3.98,win,,0.0,2026-07-21.v14-suppressfix1,863fffb8c7bb8eba061b9c449d582054
2026-07-26,2026-07-26T16:07:06.802522+00:00,2026-07-26T23:21:00Z,mlb,New York Yankees,Philadelphia Phillies,Moneyline,New York Yankees,,164,0.0,,,A,22,20,42,9289,True,True,2.7,False,-0.051582669377083,0.3592489888723171,0.3637103542996668,pinnacle,28,169,-186,,,,,,,,,,,,,,,,,,,,0.6,,,,,,,,,,,,,,,,,,,178,0.3370966788868955,,pinnacle,,2026-07-26T22:29:13.341197+00:00,1,,-5.04,-11.01,,True,True,sharp,7.23,loss,,-0.0,2026-07-21.v14-suppressfix1,210e6566d3641ee245e8a099a1679244
2026-07-27,2026-07-27T17:03:07.022959+00:00,2026-07-28T01:38:00Z,MLB,Houston Astros,Los Angeles Angels,Moneyline,Los Angeles Angels,,-107,1.5,"Elite sharp signal (no price edge, so not 2u)",sharp,S,26,24,50,4599,True,True,2.9,False,,0.4927252465755065,0.4929268637713962,pinnacle,28,-101,-107,-102,106,0.4952,,,,,,,,,,,,,,,,,0.1,-103,-101,Pinnacle,,,,,,,,,,0.495,0.49,0.5,-0.0046,polymarket,-0.0046,-109,0.4975753321669121,,pinnacle,,2026-07-28T16:44:52.004560+00:00,3,,0.89,-3.74,,True,,,8.58,loss,,-1.5,2026-07-21.v14-suppressfix1,cd620c9f1e94a2b82e14a13d09fd7a77
2026-07-27,2026-07-27T17:03:07.022959+00:00,2026-07-27T18:35:00Z,MLB,Seattle Mariners,Texas Rangers,Moneyline,Texas Rangers,,109,1.0,Single sharp signal,sharp,A,28,29,57,8900,True,False,1.4,False,,0.46069134939153067,0.461884154460719,pinnacle,28,112,-122,120,122,0.4525,,,,,,,,,,,,,,,,,0.1,113,115,GTbets,,,,,,,,,,0.455,0.45,0.46,0.0125,polymarket,0.0125,109,0.46069134939153067,,pinnacle,,2026-07-27T17:03:07.022959+00:00,0,,0.0,-3.72,,False,,,1.53,win,,1.09,2026-07-21.v14-suppressfix1,0740e4a4b0377a066eec394f1a30425b
2026-07-27,2026-07-27T17:03:07.022959+00:00,2026-07-27T18:35:00Z,mlb,Seattle Mariners,Texas Rangers,Moneyline,Texas Rangers,,109,0.0,,,A,28,29,57,8900,True,False,1.4,False,-0.03715507977170096,0.46069134939153067,0.461884154460719,pinnacle,28,112,-122,,,,,,,,,,,,,,,,,,,,0.1,,,,,,,,,,,,,,,,,,,109,0.46069134939153067,,pinnacle,,2026-07-27T17:03:07.022959+00:00,0,,0.0,-3.72,,False,True,sharp,1.53,win,,0.0,2026-07-21.v14-suppressfix1,0740e4a4b0377a066eec394f1a30425b
2026-07-27,2026-07-27T17:03:07.022959+00:00,2026-07-27T22:40:00Z,mlb,Arizona Diamondbacks,Pittsburgh Pirates,Moneyline,Arizona Diamondbacks,,-101,0.0,,,B,14,32,46,8077,True,True,2.2,False,-0.04545521995376123,0.479646879525722,0.48024891774891776,pinnacle,28,104,-113,,,,,,,,,,,,,,,,,,,,0.1,,,,,,,,,,,,,,,,,,,-105,0.4878853750540398,,pinnacle,,2026-07-28T16:44:52.004580+00:00,2,,1.93,-2.91,,True,True,sharp,5.61,loss,,-0.0,2026-07-21.v14-suppressfix1,74749169ead486e15c8bbd906e738bd6
2026-07-27,2026-07-27T17:03:07.022959+00:00,2026-07-27T22:40:00Z,mlb,Baltimore Orioles,Detroit Tigers,Moneyline,Detroit Tigers,,-120,0.0,,,D,8,58,66,4791,False,True,2.3,False,-0.0438512230612762,0.5215356965120311,0.5209715506578209,pinnacle,28,-113,105,,,,,,,,,,,,,,,,,,,,0.1,,,,,,,,,,,,,,,,,,,-149,0.5767589125042685,,pinnacle,,2026-07-28T16:44:52.004591+00:00,2,,9.71,5.74,,True,True,sharp,5.61,loss,,-0.0,2026-07-21.v14-suppressfix1,01c25573da43dfef2b25036b3d865245
2026-07-27,2026-07-27T17:03:07.022959+00:00,2026-07-27T22:46:00Z,mlb,Toronto Blue Jays,Washington Nationals,Moneyline,Washington Nationals,,-126,0.0,,,D,10,71,81,8305,False,True,2.0,False,-0.05031687538647156,0.5294693526606398,0.5286297680076462,pinnacle,28,-117,108,,,,,,,,,,,,,,,,,,,,0.1,,,,,,,,,,,,,,,,,,,-141,0.5627166977833975,,pinnacle,,2026-07-28T16:44:52.004599+00:00,2,,4.94,0.93,,True,True,sharp,5.71,loss,,-0.0,2026-07-21.v14-suppressfix1,9053a0685edebb19cd19f34cb274be0d
2026-07-27,2026-07-27T17:03:07.022959+00:00,2026-07-27T23:10:00Z,mlb,Cleveland Guardians,Cincinnati Reds,Moneyline,Cincinnati Reds,,-170,0.0,,,D,8,81,89,7522,False,True,2.1,False,-0.03962063995735765,0.6046833007675896,0.6016242655428061,pinnacle,28,-159,146,,,,,,,,,,,,,,,,,,,,0.1,,,,,,,,,,,,,,,,,,,-165,0.5998893203949751,,pinnacle,,2026-07-27T22:33:17.312608+00:00,1,,-1.11,-4.72,,True,True,sharp,6.11,loss,,-0.0,2026-07-21.v14-suppressfix1,4f2695cf655e94d9dd1a7ef77b7861be
2026-07-27,2026-07-27T17:03:07.022959+00:00,2026-07-28T01:38:00Z,mlb,Houston Astros,Los Angeles Angels,Moneyline,Los Angeles Angels,,-107,0.0,,,S,26,24,50,4599,True,True,2.9,False,-0.04678386877448737,0.4927252465755065,0.4929268637713962,pinnacle,28,-101,-107,,,,,,,,,,,,,,,,,,,,0.1,,,,,,,,,,,,,,,,,,,-109,0.4975753321669121,,pinnacle,,2026-07-28T16:44:52.004606+00:00,3,,0.89,-3.74,,True,True,sharp,8.58,loss,,-0.0,2026-07-21.v14-suppressfix1,cd620c9f1e94a2b82e14a13d09fd7a77
2026-07-27,2026-07-27T17:03:07.022959+00:00,2026-07-28T01:40:00Z,mlb,Boston Red Sox,Athletics,Moneyline,Athletics,,152,0.0,,,C,10,5,15,8436,True,True,2.5,False,-0.05126600033288098,0.3764817458996504,0.3800156477031407,pinnacle,28,158,-172,,,,,,,,,,,,,,,,,,,,0.1,,,,,,,,,,,,,,,,,,,126,0.4259939981622869,,pinnacle,,2026-07-28T16:44:52.004612+00:00,3,,11.5,7.35,,True,True,sharp,8.61,loss,,-0.0,2026-07-21.v14-suppressfix1,ee5f7b3a90890ec4fbb3146543125fe7
2026-07-27,2026-07-27T22:33:17.334257+00:00,2026-07-27T23:10:00Z,mlb,Atlanta Braves,New York Mets,Moneyline,Atlanta Braves,,-104,0.0,,,D,19,62,81,15469,False,False,-7.3,False,-0.04299407200938343,0.4878853750540398,0.48821509495666804,pinnacle,28,101,-109,,,,,,,,,,,,,,,,,,,,0.1,,,,,,,,,,,,,,,,,,,-164,0.5974132097731556,,pinnacle,,2026-07-28T16:44:52.004618+00:00,1,,21.85,17.18,,True,True,sharp,0.61,loss,,-0.0,2026-07-21.v14-suppressfix1,5f31d0e2c7e8dbd68ea839d172d9fd00
2026-07-27,2026-07-27T22:33:17.334257+00:00,2026-07-27T23:40:00Z,mlb,New York Yankees,Chicago White Sox,Moneyline,New York Yankees,,-140,0.0,,,D,7,84,91,15100,False,True,3.0,False,-0.037023106084655644,0.5617365214506175,0.5600370097622689,pinnacle,28,-133,123,,,,,,,,,,,,,,,,,,,,0.1,,,,,,,,,,,,,,,,,,,-122,0.5272232610044001,,pinnacle,,2026-07-28T16:44:52.004641+00:00,2,,-5.79,-9.62,,True,True,sharp,1.11,win,,0.0,2026-07-21.v14-suppressfix1,302aa3f7c3d634878483c7edadbfdb0f
2026-07-27,2026-07-27T22:33:17.334257+00:00,2026-07-27T23:46:00Z,mlb,Chicago Cubs,St. Louis Cardinals,Moneyline,Chicago Cubs,,-123,0.0,,,D,9,72,81,10955,False,True,1.8,False,-0.04006775899737669,0.5294693526606398,0.5286297680076462,pinnacle,28,-117,108,,,,,,,,,,,,,,,,,,,,0.1,,,,,,,,,,,,,,,,,,,-116,0.5132782199850405,,pinnacle,,2026-07-28T16:44:52.004646+00:00,1,,-2.63,-6.94,,True,True,sharp,1.21,win,,0.0,2026-07-21.v14-suppressfix1,8f968dc825f43310933db311e1e61a6c
2026-07-27,2026-07-27T22:33:17.334257+00:00,2026-07-28T01:45:00Z,mlb,Milwaukee Brewers,San Francisco Giants,Moneyline,Milwaukee Brewers,,-141,0.0,,,D,8,85,93,9961,False,True,2.0,False,-0.03986878248511472,0.5617365214506175,0.5600370097622689,pinnacle,28,-133,123,,,,,,,,,,,,,,,,,,,,0.1,,,,,,,,,,,,,,,,,,,-152,0.5803487009573252,,pinnacle,,2026-07-28T16:44:52.004651+00:00,2,,3.1,-0.81,,True,True,sharp,3.19,loss,,-0.0,2026-07-21.v14-suppressfix1,9b0ec0a466486c849457165fd2c565e1
2026-07-28,2026-07-28T16:44:52.026238+00:00,2026-07-28T17:41:00Z,MLB,Cleveland Guardians,Cincinnati Reds,Moneyline,Cincinnati Reds,,-165,1.0,Single sharp signal,sharp,A,48,38,86,2327,False,True,2.0,False,,0.5982651232986647,0.5953023329630217,pinnacle,27,-155,142,-154,-143,0.5974,,,,,,,,,,,,,,,,,0.1,-155,-152,1xBet,,,,,,,,,,0.485,0.48,0.49,0.2335,polymarket,0.2335,-165,0.5982651232986647,,pinnacle,,2026-07-28T16:44:52.026238+00:00,0,,0.0,-3.91,,False,,,0.94,loss,,-1.0,2026-07-21.v14-suppressfix1,979a29c09433f74c9cf81057e852ddf2
2026-07-28,2026-07-28T16:44:52.026238+00:00,2026-07-28T23:10:00Z,MLB,Cleveland Guardians,Cincinnati Reds,Moneyline,Cincinnati Reds,,108,1.0,Single sharp signal,sharp,A,48,38,86,2327,False,True,2.0,False,,0.4574938653643986,0.45864012175558383,pinnacle,28,114,-123,114,122,0.4589,,,,,,,,,,,,,,,,,0.1,112,114,Pinnacle,,,,,,,,,,0.485,0.48,0.49,-0.0567,betonline,-0.0301,124,0.4259939981622869,,pinnacle,,2026-07-28T22:33:15.839459+00:00,1,,-7.14,-11.39,,True,,,6.42,loss,,-1.0,2026-07-21.v14-suppressfix1,c869940458363d7a7eafe0d2a6de32b7
2026-07-28,2026-07-28T16:44:52.026238+00:00,2026-07-28T17:41:00Z,mlb,Cleveland Guardians,Cincinnati Reds,Moneyline,Cincinnati Reds,,-165,0.0,,,A,48,38,86,2327,False,True,2.0,False,-0.03914995349002348,0.5982651232986647,0.5953023329630217,pinnacle,27,-155,142,,,,,,,,,,,,,,,,,,,,0.1,,,,,,,,,,,,,,,,,,,-165,0.5982651232986647,,pinnacle,,2026-07-28T16:44:52.026238+00:00,0,,0.0,-3.91,,False,True,sharp,0.94,loss,,-0.0,2026-07-21.v14-suppressfix1,979a29c09433f74c9cf81057e852ddf2
2026-07-28,2026-07-28T16:44:52.026238+00:00,2026-07-28T22:41:00Z,mlb,Arizona Diamondbacks,Pittsburgh Pirates,Moneyline,Arizona Diamondbacks,,-105,0.0,,,B,16,47,63,4240,False,True,2.3,False,-0.04746188679925567,0.4878853750540398,0.48821509495666804,pinnacle,28,101,-109,,,,,,,,,,,,,,,,,,,,0.1,,,,,,,,,,,,,,,,,,,-107,0.4927252465755065,,pinnacle,,2026-07-28T22:33:15.839485+00:00,1,,0.92,-3.8,,True,True,sharp,5.94,loss,,-0.0,2026-07-21.v14-suppressfix1,3200119bc7fbf549a208a197223c9966
2026-07-28,2026-07-28T16:44:52.026238+00:00,2026-07-28T22:41:00Z,mlb,Baltimore Orioles,Detroit Tigers,Moneyline,Detroit Tigers,,-149,0.0,,,D,20,71,91,6043,False,True,1.6,False,-0.03615456903649095,0.5767589125042685,0.5743932465705242,pinnacle,28,-142,130,,,,,,,,,,,,,,,,,,,,0.1,,,,,,,,,,,,,,,,,,,-149,0.5721654999071611,,pinnacle,,2026-07-28T22:33:15.839496+00:00,1,,0.0,-4.38,,True,True,sharp,5.94,loss,,-0.0,2026-07-21.v14-suppressfix1,452645d823de15633407805cf5bc269a
2026-07-28,2026-07-28T16:44:52.026238+00:00,2026-07-28T23:10:00Z,mlb,Cleveland Guardians,Cincinnati Reds,Moneyline,Cincinnati Reds,,108,0.0,,,A,48,38,86,2327,False,True,2.0,False,-0.04841276004205086,0.4574938653643986,0.45864012175558383,pinnacle,28,114,-123,,,,,,,,,,,,,,,,,,,,0.1,,,,,,,,,,,,,,,,,,,124,0.4259939981622869,,pinnacle,,2026-07-28T22:33:15.839504+00:00,1,,-7.14,-11.39,,True,True,sharp,6.42,loss,,-0.0,2026-07-21.v14-suppressfix1,c869940458363d7a7eafe0d2a6de32b7
2026-07-28,2026-07-28T16:44:52.026238+00:00,2026-07-28T23:11:00Z,mlb,Atlanta Braves,New York Mets,Moneyline,Atlanta Braves,,-164,0.0,,,D,8,75,83,5760,False,True,2.2,False,-0.038310442804188494,0.5974132097731556,0.5946894746920278,pinnacle,28,-154,142,,,,,,,,,,,,,,,,,,,,0.1,,,,,,,,,,,,,,,,,,,-164,0.5974132097731556,,pinnacle,,2026-07-28T16:44:52.026238+00:00,0,,0.0,-3.83,,False,True,sharp,6.44,loss,,-0.0,2026-07-21.v14-suppressfix1,828e21d2b1a6b79dd714546f52d7a38d
2026-07-28,2026-07-28T16:44:52.026238+00:00,2026-07-28T23:41:00Z,mlb,New York Yankees,Chicago White Sox,Moneyline,Chicago White Sox,,102,0.0,,,D,8,21,29,5028,True,False,1.4,False,-0.044990987228887946,0.4727767389956,0.473559589581689,pinnacle,28,107,-116,,,,,,,,,,,,,,,,,,,,0.1,,,,,,,,,,,,,,,,,,,-102,0.4819819753963075,,pinnacle,,2026-07-28T22:33:15.839513+00:00,1,,2.0,-2.64,,True,True,sharp,6.94,loss,,-0.0,2026-07-21.v14-suppressfix1,6fb81f375a5fc10737ecb85381f1ac0b
2026-07-28,2026-07-28T16:44:52.026238+00:00,2026-07-28T23:41:00Z,mlb,Kansas City Royals,Minnesota Twins,Moneyline,Minnesota Twins,,-182,0.0,,,D,7,84,91,4488,False,False,1.2,False,-0.03611610771756402,0.6220810936007211,0.6185623601278026,pinnacle,28,-171,157,,,,,,,,,,,,,,,,,,,,0.1,,,,,,,,,,,,,,,,,,,-206,0.6496593797720455,,pinnacle,,2026-07-29T16:25:44.986472+00:00,3,,4.31,0.66,,True,True,sharp,6.94,win,,0.0,2026-07-21.v14-suppressfix1,8fa2b64a3a88b00af2cc037c70eaed6e
2026-07-28,2026-07-28T16:44:52.026238+00:00,2026-07-28T23:46:00Z,mlb,Chicago Cubs,St. Louis Cardinals,Moneyline,St. Louis Cardinals,,-104,0.0,,,D,8,26,34,2716,True,True,2.5,False,-0.04527650843219466,0.4867217800149595,0.48712595685455806,pinnacle,28,101,-110,,,,,,,,,,,,,,,,,,,,0.1,,,,,,,,,,,,,,,,,,,-106,0.4902994533388244,,pinnacle,,2026-07-28T22:33:15.839526+00:00,1,,0.93,-3.83,,True,True,sharp,7.02,loss,,-0.0,2026-07-21.v14-suppressfix1,83b4bc6720bc5b4953002ee5327e881d
2026-07-28,2026-07-28T16:44:52.026238+00:00,2026-07-29T01:46:00Z,mlb,Milwaukee Brewers,San Francisco Giants,Moneyline,Milwaukee Brewers,,-152,0.0,,,D,12,79,91,5599,False,True,3.0,False,-0.037842943149697716,0.5803487009573252,0.5779130916136175,pinnacle,28,-144,132,,,,,,,,,,,,,,,,,,,,0.1,,,,,,,,,,,,,,,,,,,-153,0.5829738569631271,,pinnacle,,2026-07-28T22:33:15.839533+00:00,1,,0.26,-3.35,,True,True,sharp,9.02,loss,,-0.0,2026-07-21.v14-suppressfix1,b77df217e739f24b8ab3440a9f013da0
2026-07-28,2026-07-28T22:33:15.863069+00:00,2026-07-28T22:41:00Z,mlb,Philadelphia Phillies,Miami Marlins,Moneyline,Philadelphia Phillies,,115,0.0,,,D,7,55,62,15832,False,False,-12.5,False,-0.04932192905877897,0.44217584694940515,0.4437955082515226,pinnacle,27,121,-131,,,,,,,,,,,,,,,,,,,,0.2,,,,,,,,,,,,,,,,,,,115,0.44217584694940515,,pinnacle,,2026-07-28T22:33:15.863069+00:00,0,,0.0,-4.93,,False,True,sharp,0.13,loss,,-0.0,2026-07-21.v14-suppressfix1,9ad4c06c6c9f5cf366798cada970f547
2026-07-28,2026-07-28T22:33:15.863069+00:00,2026-07-28T22:41:00Z,mlb,Texas Rangers,Tampa Bay Rays,Moneyline,Tampa Bay Rays,,-180,0.0,,,D,20,73,93,11233,False,True,9.0,False,-0.0391296514694639,0.6177023669124875,0.6142330723169047,pinnacle,27,-168,154,,,,,,,,,,,,,,,,,,,,0.2,,,,,,,,,,,,,,,,,,,-143,0.566546358020616,,pinnacle,,2026-07-29T16:25:44.986489+00:00,1,,-8.46,-11.87,,True,True,sharp,0.13,loss,,-0.0,2026-07-21.v14-suppressfix1,1c02a0524bf42a304b0b1cf019ea12c8
2026-07-28,2026-07-28T22:33:15.863069+00:00,2026-07-28T23:41:00Z,mlb,New York Yankees,Chicago White Sox,Moneyline,New York Yankees,,-118,0.0,,,D,14,70,84,13772,False,False,-2.3,False,-0.04298364946097444,0.5180180246036927,0.5174799708667153,pinnacle,27,-112,103,,,,,,,,,,,,,,,,,,,,0.2,,,,,,,,,,,,,,,,,,,-118,0.5168715068812907,,pinnacle,,2026-07-28T23:40:23.878862+00:00,1,,0.0,-4.51,,True,True,sharp,1.13,win,,0.0,2026-07-21.v14-suppressfix1,6fb81f375a5fc10737ecb85381f1ac0b
2026-07-28,2026-07-28T22:33:15.863069+00:00,2026-07-28T23:46:00Z,mlb,Chicago Cubs,St. Louis Cardinals,Moneyline,Chicago Cubs,,-114,0.0,,,D,7,63,70,7396,False,True,1.6,False,-0.04319371065358246,0.5097005466611757,0.509433962264151,pinnacle,27,-108,100,,,,,,,,,,,,,,,,,,,,0.2,,,,,,,,,,,,,,,,,,,-108,0.4951504768893307,,pinnacle,,2026-07-28T23:40:23.878871+00:00,1,,-2.53,-7.05,,True,True,sharp,1.21,win,,0.0,2026-07-21.v14-suppressfix1,83b4bc6720bc5b4953002ee5327e881d
2026-07-28,2026-07-28T22:33:15.863069+00:00,2026-07-29T01:39:00Z,mlb,Houston Astros,Los Angeles Angels,Moneyline,Houston Astros,,-114,0.0,,,D,6,62,68,8249,False,False,-1.0,False,-0.04319371065358246,0.5097005466611757,0.509433962264151,pinnacle,27,-108,100,,,,,,,,,,,,,,,,,,,,0.2,,,,,,,,,,,,,,,,,,,-112,0.5048495231106692,,pinnacle,,2026-07-28T23:40:23.878878+00:00,1,,-0.83,-5.23,,True,True,sharp,3.1,win,,0.0,2026-07-21.v14-suppressfix1,a981fee543b7844ab5bf4928bdca43d2
2026-07-28,2026-07-28T22:33:15.863069+00:00,2026-07-29T01:41:00Z,mlb,Boston Red Sox,Athletics,Moneyline,Boston Red Sox,,-150,0.0,,,D,16,79,95,12132,False,True,2.5,False,-0.03726756270556475,0.5776394623766612,0.5754534928598997,pinnacle,27,-142,131,,,,,,,,,,,,,,,,,,,,0.2,,,,,,,,,,,,,,,,,,,-157,0.5829738569631271,,pinnacle,,2026-07-28T23:40:23.878884+00:00,1,,1.82,-2.84,,True,True,sharp,3.13,win,,0.0,2026-07-21.v14-suppressfix1,0f350cb709d6394c946ef1df6fca40af
2026-07-28,2026-07-28T22:33:15.863069+00:00,2026-07-29T01:41:00Z,mlb,Colorado Rockies,San Diego Padres,Moneyline,San Diego Padres,,-240,0.0,,,D,19,77,96,9880,False,True,13.3,False,-0.032320387609071966,0.6830679616877139,0.677179041470077,pinnacle,27,-225,203,,,,,,,,,,,,,,,,,,,,0.2,,,,,,,,,,,,,,,,,,,-168,0.6046833007675896,,pinnacle,,2026-07-29T16:25:44.986498+00:00,2,,-11.19,-14.34,,True,True,sharp,3.13,win,,0.0,2026-07-21.v14-suppressfix1,f829a782d542dc9d3eb459cddb29492c
2026-07-28,2026-07-28T22:33:15.863069+00:00,2026-07-29T17:06:00Z,mlb,Toronto Blue Jays,Washington Nationals,Total,Under,9.5,100,0.0,,,,,,,,,,,True,0.03701878085890131,0.5185093904294507,0.5172448063611534,consensus,12,,,,,,,,,,,,,,,,,,,,,,,,,,,,,,,,,,,,,,,,,100,0.5185093904294507,,consensus,9.5,2026-07-28T22:33:15.863069+00:00,0,,0.0,3.7,,False,True,value,18.55,win,,0.0,2026-07-21.v14-suppressfix1,00cfd9daf945b43d83d13223ae65d32d
2026-07-29,2026-07-29T16:25:45.010609+00:00,2026-07-29T17:06:00Z,mlb,Toronto Blue Jays,Washington Nationals,Moneyline,Toronto Blue Jays,,-121,0.0,,,B,23,50,73,10546,False,True,2.0,False,-0.04119714873373215,0.524955407254382,0.5242310245629564,pinnacle,28,-115,106,,,,,,,,,,,,,,,,,,,,0.2,,,,,,,,,,,,,,,,,,,-121,0.524955407254382,,pinnacle,,2026-07-29T16:25:45.010609+00:00,0,,0.0,-4.12,,False,True,sharp,0.67,win,,0.0,2026-07-21.v14-suppressfix1,00cfd9daf945b43d83d13223ae65d32d
2026-07-29,2026-07-29T16:25:45.010609+00:00,2026-07-29T17:11:00Z,mlb,Atlanta Braves,New York Mets,Moneyline,Atlanta Braves,,-109,0.0,,,D,7,74,81,2766,False,True,2.7,False,-0.045933537404728164,0.4975753321669121,0.49764317699740745,pinnacle,28,-103,-105,,,,,,,,,,,,,,,,,,,,0.2,,,,,,,,,,,,,,,,,,,-180,0.6177023669124875,,pinnacle,,2026-07-29T22:28:17.436195+00:00,1,,23.26,18.44,,True,True,sharp,0.75,loss,,-0.0,2026-07-21.v14-suppressfix1,428de1142289c9bb933a480d8c5b44f4
2026-07-29,2026-07-29T16:25:45.010609+00:00,2026-07-29T17:11:00Z,mlb,Baltimore Orioles,Detroit Tigers,Moneyline,Detroit Tigers,,-194,0.0,,,D,7,85,92,12081,False,True,2.2,False,-0.03511502974073932,0.6366928035044102,0.6327838112352527,pinnacle,28,-182,167,,,,,,,,,,,,,,,,,,,,0.2,,,,,,,,,,,,,,,,,,,-194,0.6366928035044102,,pinnacle,,2026-07-29T16:25:45.010609+00:00,0,,0.0,-3.51,,False,True,sharp,0.75,loss,,-0.0,2026-07-21.v14-suppressfix1,2803bb8e96c2e13f37418f06bbba2ead
2026-07-29,2026-07-29T16:25:45.010609+00:00,2026-07-29T19:46:00Z,mlb,Milwaukee Brewers,San Francisco Giants,Moneyline,Milwaukee Brewers,,-130,0.0,,,D,8,73,81,5816,False,False,1.0,False,-0.032777045430038565,0.5466912351917174,0.5454545454545454,pinnacle,28,-125,116,,,,,,,,,,,,,,,,,,,,4.2,,,,,,,,,,,,,,,,,,,-130,0.5466912351917174,,pinnacle,,2026-07-29T16:25:45.010609+00:00,0,,0.0,-3.28,,False,True,sharp,3.34,loss,,-0.0,2026-07-21.v14-suppressfix1,92e25bff5f6c907dca22a23e2493de73
2026-07-29,2026-07-29T16:25:45.010609+00:00,2026-07-29T22:41:00Z,mlb,Texas Rangers,Tampa Bay Rays,Moneyline,Tampa Bay Rays,,-143,0.0,,,D,11,63,74,4629,False,True,3.1,False,-0.03726737762930288,0.566546358020616,0.5645756457564576,pinnacle,28,-136,125,,,,,,,,,,,,,,,,,,,,0.2,,,,,,,,,,,,,,,,,,,-149,0.5794328328432699,,pinnacle,,2026-07-29T22:28:17.436215+00:00,1,,1.69,-1.54,,True,True,sharp,6.25,loss,,-0.0,2026-07-21.v14-suppressfix1,f7a4edfc8ce302460d9f8c40851ca78b
2026-07-29,2026-07-29T16:25:45.010609+00:00,2026-07-29T23:11:00Z,mlb,Atlanta Braves,New York Mets,Moneyline,Atlanta Braves,,-153,0.0,,,D,7,74,81,2766,False,True,2.7,False,-0.035997478355090595,0.5829738569631271,0.5806948485367106,pinnacle,27,-145,134,,,,,,,,,,,,,,,,,,,,0.2,,,,,,,,,,,,,,,,,,,-180,0.6177023669124875,,pinnacle,,2026-07-29T22:28:17.436223+00:00,1,,6.3,2.14,,True,True,sharp,6.75,loss,,-0.0,2026-07-21.v14-suppressfix1,b8e341bd32a393ea6e1d1f3b843bf452
2026-07-29,2026-07-29T16:25:45.010609+00:00,2026-07-29T23:11:00Z,mlb,Cleveland Guardians,Cincinnati Reds,Moneyline,Cincinnati Reds,,114,0.0,,,D,7,43,50,3988,False,True,1.7,False,-0.0452189453036792,0.446159371353421,0.44769408222713136,pinnacle,28,119,-129,,,,,,,,,,,,,,,,,,,,0.2,,,,,,,,,,,,,,,,,,,118,0.43633337853047266,,pinnacle,,2026-07-29T22:28:17.436229+00:00,1,,-1.83,-6.62,,True,True,sharp,6.75,loss,,-0.0,2026-07-21.v14-suppressfix1,d3a738dccfb8833e757d8dbc4caead9d
2026-07-29,2026-07-29T16:25:45.010609+00:00,2026-07-29T23:46:00Z,mlb,Chicago Cubs,St. Louis Cardinals,Moneyline,St. Louis Cardinals,,-109,0.0,,,D,7,21,28,5896,True,True,2.6,False,-0.045933537404728164,0.4975753321669121,0.49764317699740745,pinnacle,28,-103,-105,,,,,,,,,,,,,,,,,,,,0.2,,,,,,,,,,,,,,,,,,,-113,0.5108728069965824,,pinnacle,,2026-07-30T16:40:12.714423+00:00,3,,1.72,-2.04,,True,True,sharp,7.34,win,,0.0,2026-07-21.v14-suppressfix1,c8354a0c9f4876c67feb31fa06f35aa5
2026-07-29,2026-07-29T16:25:45.010609+00:00,2026-07-30T01:41:00Z,mlb,Boston Red Sox,Athletics,Moneyline,Boston Red Sox,,-155,0.0,,,D,9,79,88,4144,False,True,2.5,False,-0.03656143178530047,0.5856195218559939,0.5830871803527724,pinnacle,28,-147,135,,,,,,,,,,,,,,,,,,,,0.2,,,,,,,,,,,,,,,,,,,-183,0.6206328131825881,,pinnacle,,2026-07-30T16:40:12.714440+00:00,3,,6.38,2.1,,True,True,sharp,9.25,win,,0.0,2026-07-21.v14-suppressfix1,8777958bb59fab1de0fad4589b6bc278
2026-07-29,2026-07-29T22:28:17.460984+00:00,2026-07-29T23:41:00Z,mlb,Kansas City Royals,Minnesota Twins,Moneyline,Minnesota Twins,,-208,0.0,,,D,6,83,89,10304,False,True,10.8,False,-0.034355953811206597,0.6521232519716527,0.6475928801815792,pinnacle,28,-195,178,,,,,,,,,,,,,,,,,,,,0.2,,,,,,,,,,,,,,,,,,,-208,0.6521232519716527,,pinnacle,,2026-07-29T22:28:17.460984+00:00,0,,0.0,-3.44,,False,True,sharp,1.21,win,,0.0,2026-07-21.v14-suppressfix1,8550a2048d2b7f67231d7180079f8ddd
2026-07-29,2026-07-29T22:28:17.460984+00:00,2026-07-30T01:39:00Z,mlb,Houston Astros,Los Angeles Angels,Moneyline,Houston Astros,,-133,0.0,,,D,7,81,88,9415,False,True,1.9,False,-0.03864734265867287,0.548754950327882,0.5474750710824556,pinnacle,28,-126,117,,,,,,,,,,,,,,,,,,,,0.2,,,,,,,,,,,,,,,,,,,-133,0.5477275707363947,,pinnacle,,2026-07-29T23:40:57.619571+00:00,1,,0.0,-4.04,,True,True,sharp,3.18,win,,0.0,2026-07-21.v14-suppressfix1,45eb66bca21d81d652f8f776e25c0a60
2026-07-30,2026-07-30T16:40:12.741676+00:00,2026-07-30T17:41:00Z,mlb,Kansas City Royals,Minnesota Twins,Moneyline,Kansas City Royals,,116,0.0,,,C,10,26,36,8178,True,False,1.5,False,-0.04490017058928486,0.44217584694940515,0.4437955082515226,pinnacle,28,121,-131,,,,,,,,,,,,,,,,,,,,0.1,,,,,,,,,,,,,,,,,,,116,0.44217584694940515,,pinnacle,,2026-07-30T16:40:12.741676+00:00,0,,0.0,-4.49,,False,True,sharp,1.01,loss,,-0.0,2026-07-21.v14-suppressfix1,4ab9265338d5ee8f4e0ecf43a83aa9d7
2026-07-30,2026-07-30T16:40:12.741676+00:00,2026-07-30T18:11:00Z,mlb,New York Yankees,Chicago White Sox,Moneyline,Chicago White Sox,,-116,0.0,,,D,6,35,41,10577,True,True,2.0,False,-0.03980581402003758,0.5156598406188687,0.5151877211525205,pinnacle,28,-111,102,,,,,,,,,,,,,,,,,,,,0.1,,,,,,,,,,,,,,,,,,,-116,0.5156598406188687,,pinnacle,,2026-07-30T16:40:12.741676+00:00,0,,0.0,-3.98,,False,True,sharp,1.51,win,,0.0,2026-07-21.v14-suppressfix1,c4f54051354f3d027c0f1cabfc630e52
2026-07-30,2026-07-30T16:40:12.741676+00:00,2026-07-30T23:11:00Z,mlb,Pittsburgh Pirates,Cincinnati Reds,Moneyline,Pittsburgh Pirates,,-117,0.0,,,D,11,75,86,5361,False,True,2.0,False,-0.04360525286927763,0.5156598406188687,0.5151877211525205,pinnacle,28,-111,102,,,,,,,,,,,,,,,,,,,,0.1,,,,,,,,,,,,,,,,,,,-121,0.524955407254382,,pinnacle,,2026-07-30T22:35:07.165341+00:00,1,,1.55,-2.64,,True,True,sharp,6.51,loss,,-0.0,2026-07-21.v14-suppressfix1,690922fd97ed105a96d9b06ae8cf9a56
2026-07-30,2026-07-30T16:40:12.741676+00:00,2026-07-30T23:11:00Z,mlb,Miami Marlins,New York Mets,Moneyline,Miami Marlins,,107,0.0,,,B,19,32,51,5644,True,True,1.5,False,-0.0485953018186881,0.4596157962228559,0.46071473041962396,pinnacle,28,113,-122,,,,,,,,,,,,,,,,,,,,0.1,,,,,,,,,,,,,,,,,,,107,0.4596157962228559,,pinnacle,,2026-07-30T22:35:07.165359+00:00,1,,0.0,-4.86,,True,True,sharp,6.51,loss,,-0.0,2026-07-21.v14-suppressfix1,d64f0d0688a85bdcd854092dcbd6b233
2026-07-30,2026-07-30T16:40:12.741676+00:00,2026-07-31T01:41:00Z,mlb,Boston Red Sox,Athletics,Moneyline,Boston Red Sox,,-183,0.0,,,D,6,90,96,6851,False,True,3.2,False,-0.04022357305643465,0.6206328131825881,0.6171298922291548,pinnacle,28,-170,156,,,,,,,,,,,,,,,,,,,,0.1,,,,,,,,,,,,,,,,,,,-194,0.6347310064900037,,pinnacle,,2026-07-30T23:41:08.615527+00:00,2,,2.04,-1.84,,True,True,sharp,9.01,win,,0.0,2026-07-21.v14-suppressfix1,e29b6d58950d18ba7eccacc0e05ce5c6
2026-07-30,2026-07-30T22:35:07.190590+00:00,2026-07-31T00:11:00Z,MLB,Miami Marlins,New York Mets,Moneyline,Miami Marlins,,107,1.5,"Elite sharp signal (no price edge, so not 2u)",sharp,S,33,30,63,13878,True,True,2.4,False,,0.4596157962228559,0.46071473041962396,pinnacle,28,113,-122,114,118,0.463,,,,,,,,,,,,,,,,,0.4,111,117,BetRivers,,,,,,,,,,0.455,0.45,0.46,0.0101,polymarket,0.0101,107,0.4596157962228559,,pinnacle,,2026-07-30T22:35:07.190590+00:00,0,,0.0,-4.86,,False,,,1.6,loss,,-1.5,2026-07-21.v14-suppressfix1,d64f0d0688a85bdcd854092dcbd6b233
2026-07-30,2026-07-30T22:35:07.190590+00:00,2026-07-31T01:41:00Z,mlb,San Francisco Giants,San Diego Padres,Moneyline,San Francisco Giants,,147,0.0,,,D,7,22,29,9582,True,True,3.1,False,-0.055724846273843776,0.3822976330875127,0.3857669276830954,pinnacle,28,154,-168,,,,,,,,,,,,,,,,,,,,0.4,,,,,,,,,,,,,,,,,,,142,0.39063731202022706,,pinnacle,,2026-07-30T23:41:08.615542+00:00,1,,2.07,-3.51,,True,True,sharp,3.1,win,,0.0,2026-07-21.v14-suppressfix1,58ab19b637430e9e8416219614c4d185
2026-08-01,2026-08-01T16:05:11.507742+00:00,2026-08-02T00:10:00Z,MLB,Kansas City Royals,Colorado Rockies,Moneyline,Kansas City Royals,,101,1.0,Single sharp signal,sharp,A,29,50,79,3488,False,True,2.4,False,,0.47504459274561833,0.47576897543704366,pinnacle,28,106,-115,110,114,0.4717,,,,,,,,,,,,,,,,,0.2,104,106,FanDuel,,,,,,,,,,0.505,0.5,0.51,-0.0593,betonline,-0.0309,109,0.46069134939153067,0.461884154460719,pinnacle,,2026-08-01T22:26:30.326184+00:00,1,,-3.83,-7.4,-7.16,True,,,8.08,loss,,-1.0,2026-07-21.v14-suppressfix1,e22f383c06fc65d61b450e0039f9ec3f
2026-08-01,2026-08-01T16:05:11.507742+00:00,2026-08-01T19:08:00Z,mlb,St. Louis Cardinals,Toronto Blue Jays,Moneyline,St. Louis Cardinals,,130,0.0,,,B,19,25,44,4942,True,True,2.4,False,-0.046924900268785485,0.41438047814400636,0.41691281964722765,pinnacle,28,135,-147,,,,,,,,,,,,,,,,,,,,0.2,,,,,,,,,,,,,,,,,,,-105,0.48151624513745034,0.4837525804725132,consensus,,2026-08-01T22:26:30.326205+00:00,1,,17.8,10.75,11.26,True,True,sharp,3.05,loss,,-0.0,2026-07-21.v14-suppressfix1,887515990979436aed352a22f6f8fdff
2026-08-01,2026-08-01T16:05:11.507742+00:00,2026-08-01T20:11:00Z,mlb,Chicago White Sox,Tampa Bay Rays,Moneyline,Tampa Bay Rays,,-177,0.0,,,D,6,80,86,5245,False,True,2.1,False,-0.037971421142567796,0.6147258428078176,0.6112929623567921,pinnacle,28,-166,152,,,,,,,,,,,,,,,,,,,,0.2,,,,,,,,,,,,,,,,,,,-177,0.6147258428078176,0.6112929623567921,pinnacle,,2026-08-01T16:05:11.507742+00:00,0,,0.0,-3.8,-4.33,False,True,sharp,4.1,win,,0.0,2026-07-21.v14-suppressfix1,2984d38103bf67fc68bc0fb23e98ad8e
2026-08-01,2026-08-01T16:05:11.507742+00:00,2026-08-01T20:11:00Z,mlb,Minnesota Twins,Seattle Mariners,Moneyline,Minnesota Twins,,142,0.0,,,D,8,20,28,5513,True,True,2.3,False,-0.0546577049110506,0.39063731202022706,0.39375995671646274,pinnacle,28,149,-162,,,,,,,,,,,,,,,,,,,,0.2,,,,,,,,,,,,,,,,,,,142,0.39063731202022706,0.39375995671646274,pinnacle,,2026-08-01T16:05:11.507742+00:00,0,,0.0,-5.47,-4.71,False,True,sharp,4.1,win,,0.0,2026-07-21.v14-suppressfix1,2dba5e88d89d78ac32b8892ae2214bb9
2026-08-01,2026-08-01T16:05:11.507742+00:00,2026-08-01T22:41:00Z,mlb,Pittsburgh Pirates,Cincinnati Reds,Moneyline,Pittsburgh Pirates,,-126,0.0,,,D,9,62,71,4574,False,False,0.5,False,-0.0384593637901246,0.5360801777099305,0.5350803043110736,pinnacle,28,-120,111,,,,,,,,,,,,,,,,,,,,0.2,,,,,,,,,,,,,,,,,,,128,0.41693740210007224,0.42003945309842866,pinnacle,,2026-08-02T05:02:50.729614+00:00,2,,-21.33,-25.22,-24.66,True,True,sharp,6.6,win,,0.0,2026-07-21.v14-suppressfix1,4cf22ff99815959994e2c4f8662d97bf
2026-08-01,2026-08-01T16:05:11.507742+00:00,2026-08-01T23:06:00Z,mlb,Philadelphia Phillies,Baltimore Orioles,Moneyline,Philadelphia Phillies,,-148,0.0,,,D,19,72,91,5397,False,True,2.0,False,-0.038152105028696814,0.5740060018377132,0.5718872636460934,pinnacle,28,-140,129,,,,,,,,,,,,,,,,,,,,0.2,,,,,,,,,,,,,,,,,,,-157,0.5838775023522926,0.5813763528691035,pinnacle,,2026-08-01T22:26:30.326229+00:00,1,,2.37,-2.16,-2.58,True,True,sharp,7.01,loss,,-0.0,2026-07-21.v14-suppressfix1,8ad8229352651cf1b573f9ee834b57ac
2026-08-01,2026-08-01T16:05:11.507742+00:00,2026-08-01T23:16:00Z,mlb,Arizona Diamondbacks,Cleveland Guardians,Moneyline,Cleveland Guardians,,-181,0.0,,,D,7,67,74,3261,False,True,2.4,False,-0.03528041043299279,0.6214030096499228,0.617642079124104,pinnacle,28,-171,156,,,,,,,,,,,,,,,,,,,,0.2,,,,,,,,,,,,,,,,,,,-182,0.6220810936007211,0.6185623601278026,pinnacle,,2026-08-01T22:26:30.326242+00:00,1,,0.2,-3.42,-3.97,True,True,sharp,7.18,loss,,-0.0,2026-07-21.v14-suppressfix1,65f625f15ac20a0c9dd7905ac686d7aa
2026-08-01,2026-08-01T16:05:11.507742+00:00,2026-08-02T00:10:00Z,mlb,Kansas City Royals,Colorado Rockies,Moneyline,Kansas City Royals,,101,0.0,,,A,29,50,79,3488,False,True,2.4,False,-0.04516036858130723,0.47504459274561833,0.47576897543704366,pinnacle,28,106,-115,,,,,,,,,,,,,,,,,,,,0.2,,,,,,,,,,,,,,,,,,,109,0.46069134939153067,0.461884154460719,pinnacle,,2026-08-01T22:26:30.326250+00:00,1,,-3.83,-7.4,-7.16,True,True,sharp,8.08,loss,,-0.0,2026-07-21.v14-suppressfix1,e22f383c06fc65d61b450e0039f9ec3f
2026-08-01,2026-08-01T16:05:11.507742+00:00,2026-08-02T01:41:00Z,mlb,Detroit Tigers,Athletics,Moneyline,Detroit Tigers,,-170,0.0,,,D,8,80,88,3402,False,False,1.5,False,-0.026062421318871043,0.6132199569473774,0.6098063756165796,pinnacle,28,-165,151,,,,,,,,,,,,,,,,,,,,0.2,,,,,,,,,,,,,,,,,,,-186,0.619948302539967,0.6162046908315565,pinnacle,,2026-08-01T22:26:30.326259+00:00,1,,3.29,-1.54,-2.13,True,True,sharp,9.6,win,,0.0,2026-07-21.v14-suppressfix1,54d17e06d14159867e038e2ea043aabd
2026-08-01,2026-08-01T22:26:30.481185+00:00,2026-08-01T23:16:00Z,mlb,New York Yankees,Chicago Cubs,Moneyline,New York Yankees,,106,0.0,,,D,14,63,77,14302,False,False,-4.6,False,-0.04432516608245651,0.4639198222900696,0.4649196956889265,pinnacle,28,111,-120,,,,,,,,,,,,,,,,,,,,0.3,,,,,,,,,,,,,,,,,,,106,0.4639198222900696,0.4649196956889265,pinnacle,,2026-08-01T22:26:30.481185+00:00,0,,0.0,-4.43,-4.23,False,True,sharp,0.82,win,,0.0,2026-07-21.v14-suppressfix1,1a1c1a4c350d1fb71d29920db55c19f5
2026-08-01,2026-08-01T22:26:30.481185+00:00,2026-08-02T01:39:00Z,mlb,Milwaukee Brewers,Los Angeles Angels,Moneyline,Milwaukee Brewers,,-154,0.0,,,D,18,73,91,10158,False,False,-6.3,False,-0.039878966860458887,0.5821206263916903,0.5796517114180321,pinnacle,28,-145,133,,,,,,,,,,,,,,,,,,,,0.3,,,,,,,,,,,,,,,,,,,-153,0.581210898686288,0.578961899503037,pinnacle,,2026-08-01T23:40:37.670953+00:00,1,,-0.26,-4.14,-4.51,True,True,sharp,3.21,win,,0.0,2026-07-21.v14-suppressfix1,77b8e5ac49b26052a451b5de23d0959e
2026-08-02,2026-08-02T16:04:58.032838+00:00,2026-08-02T17:41:00Z,MLB,Chicago White Sox,Tampa Bay Rays,Moneyline,Chicago White Sox,,123,1.5,"Elite sharp signal (no price edge, so not 2u)",sharp,S,27,29,56,6194,True,True,1.6,False,,0.427834500092839,0.4299179738091811,pinnacle,28,128,-139,132,136,0.4274,,,,,,,,,,,,,,,,,0.1,130,133,Everygame,,,,,,,,,,0.425,0.42,0.43,0.0067,polymarket,0.0067,123,0.427834500092839,0.4299179738091811,pinnacle,,2026-08-02T16:04:58.032838+00:00,0,,0.0,-4.59,-4.13,False,,,1.6,win,,1.84,2026-07-21.v14-suppressfix1,47af60aedd60c2f453d5618c98f9a180
2026-08-02,2026-08-02T16:04:58.032838+00:00,2026-08-02T23:21:00Z,MLB,Boston Red Sox,Los Angeles Dodgers,Moneyline,Boston Red Sox,,153,1.5,"Elite sharp signal (no price edge, so not 2u)",sharp,S,31,27,58,6492,True,True,1.7,False,,0.37148899005582675,0.3753263707571802,pinnacle,27,161,-176,162,170,0.376,,,,,,,,,,,,,,,,,0.1,160,162,GTbets,,,,,,,,,,0.375,0.37,0.38,-0.0094,polymarket,-0.0094,150,0.37715349080010147,0.3809310402778556,pinnacle,,2026-08-02T22:27:09.933948+00:00,1,,1.2,-4.58,-3.62,True,,,7.27,win,,2.3,2026-07-21.v14-suppressfix1,9075e1d97a68d5244fa70607c57e266e
2026-08-02,2026-08-02T16:04:58.032838+00:00,2026-08-02T17:36:00Z,MLB,Washington Nationals,Atlanta Braves,Moneyline,Washington Nationals,,104,1.0,Single sharp signal,sharp,A,22,21,43,6659,True,True,1.6,False,,0.4705306473393603,0.4713702319923538,pinnacle,28,108,-117,110,114,0.4717,,,,,,,,,,,,,,,,,0.1,107,108,FanDuel,,,,,,,,,,0.475,0.47,0.48,-0.0094,polymarket,-0.0094,104,0.4705306473393603,0.4713702319923538,pinnacle,,2026-08-02T16:04:58.032838+00:00,0,,0.0,-4.01,-3.84,False,,,1.52,loss,,-1.0,2026-07-21.v14-suppressfix1,279531c847530b5f8dc9fa88594748e6
2026-08-02,2026-08-02T16:04:58.032838+00:00,2026-08-02T19:11:00Z,MLB,Kansas City Royals,Colorado Rockies,Moneyline,Kansas City Royals,,106,1.0,Single sharp signal,sharp,A,26,53,79,6007,False,False,1.2,False,,0.4639198222900696,0.4649196956889265,pinnacle,28,111,-120,114,118,0.463,,,,,,,,,,,,,,,,,0.1,111,115,Everygame,,,,,,,,,,0.455,0.45,0.46,0.0196,polymarket,0.0196,106,0.4639198222900696,0.4649196956889265,pinnacle,,2026-08-02T16:04:58.032838+00:00,0,,0.0,-4.43,-4.23,False,,,3.1,loss,,-1.0,2026-07-21.v14-suppressfix1,c77232b741072d22e3c49926ff91c383
2026-08-02,2026-08-02T16:04:58.032838+00:00,2026-08-02T17:36:00Z,mlb,Washington Nationals,Atlanta Braves,Moneyline,Washington Nationals,,104,0.0,,,A,22,21,43,6659,True,True,1.6,False,-0.04011747942770505,0.4705306473393603,0.4713702319923538,pinnacle,28,108,-117,,,,,,,,,,,,,,,,,,,,0.1,,,,,,,,,,,,,,,,,,,104,0.4705306473393603,0.4713702319923538,pinnacle,,2026-08-02T16:04:58.032838+00:00,0,,0.0,-4.01,-3.84,False,True,sharp,1.52,loss,,-0.0,2026-07-21.v14-suppressfix1,279531c847530b5f8dc9fa88594748e6
2026-08-02,2026-08-02T16:04:58.032838+00:00,2026-08-02T17:36:00Z,mlb,Philadelphia Phillies,Baltimore Orioles,Moneyline,Philadelphia Phillies,,-140,0.0,,,D,8,79,87,10607,False,True,2.8,False,-0.04373002334183729,0.5578241530505949,0.5562044917484775,pinnacle,28,-131,121,,,,,,,,,,,,,,,,,,,,0.1,,,,,,,,,,,,,,,,,,,-140,0.5578241530505949,0.5562044917484775,pinnacle,,2026-08-02T16:04:58.032838+00:00,0,,0.0,-4.37,-4.65,False,True,sharp,1.52,win,,0.0,2026-07-21.v14-suppressfix1,0a83565a7c1b5059b188a176bf7ef21f
2026-08-02,2026-08-02T16:04:58.032838+00:00,2026-08-02T17:38:00Z,mlb,St. Louis Cardinals,Toronto Blue Jays,Moneyline,St. Louis Cardinals,,113,0.0,,,B,18,32,50,7578,True,True,1.9,False,-0.04537993727671863,0.4481784332034185,0.4496686651940676,pinnacle,28,118,-128,,,,,,,,,,,,,,,,,,,,0.1,,,,,,,,,,,,,,,,,,,113,0.4481784332034185,0.4496686651940676,pinnacle,,2026-08-02T16:04:58.032838+00:00,0,,0.0,-4.54,-4.22,False,True,sharp,1.55,win,,0.0,2026-07-21.v14-suppressfix1,2ee28b25d57aa155a35d9706065b4963
2026-08-02,2026-08-02T16:04:58.032838+00:00,2026-08-02T17:41:00Z,mlb,Chicago White Sox,Tampa Bay Rays,Moneyline,Chicago White Sox,,123,0.0,,,S,27,29,56,6194,True,True,1.6,False,-0.04592906479296899,0.427834500092839,0.4299179738091811,pinnacle,28,128,-139,,,,,,,,,,,,,,,,,,,,0.1,,,,,,,,,,,,,,,,,,,123,0.427834500092839,0.4299179738091811,pinnacle,,2026-08-02T16:04:58.032838+00:00,0,,0.0,-4.59,-4.13,False,True,sharp,1.6,win,,0.0,2026-07-21.v14-suppressfix1,47af60aedd60c2f453d5618c98f9a180
2026-08-02,2026-08-02T16:04:58.032838+00:00,2026-08-02T17:41:00Z,mlb,Pittsburgh Pirates,Cincinnati Reds,Moneyline,Cincinnati Reds,,-139,0.0,,,D,8,72,80,8133,False,True,2.5,False,-0.04086350662523619,0.5578241530505949,0.5562044917484775,pinnacle,28,-131,121,,,,,,,,,,,,,,,,,,,,0.1,,,,,,,,,,,,,,,,,,,-139,0.5578241530505949,0.5562044917484775,pinnacle,,2026-08-02T16:04:58.032838+00:00,0,,0.0,-4.09,-4.36,False,True,sharp,1.6,win,,0.0,2026-07-21.v14-suppressfix1,65c026b0a2fdad67a6ebb83ff414a011
2026-08-02,2026-08-02T16:04:58.032838+00:00,2026-08-02T17:41:00Z,mlb,Miami Marlins,New York Mets,Moneyline,Miami Marlins,,-120,0.0,,,D,12,74,86,6129,False,True,2.3,False,-0.041779972073096694,0.5226654697783109,0.5220013401831584,pinnacle,28,-114,105,,,,,,,,,,,,,,,,,,,,0.1,,,,,,,,,,,,,,,,,,,-120,0.5226654697783109,0.5220013401831584,pinnacle,,2026-08-02T16:04:58.032838+00:00,0,,0.0,-4.18,-4.3,False,True,sharp,1.6,win,,0.0,2026-07-21.v14-suppressfix1,42cc8ab6df88e7bec73eafe4f684cbb1
2026-08-02,2026-08-02T16:04:58.032838+00:00,2026-08-02T19:11:00Z,mlb,Kansas City Royals,Colorado Rockies,Moneyline,Kansas City Royals,,106,0.0,,,A,26,53,79,6007,False,False,1.2,False,-0.04432516608245651,0.4639198222900696,0.4649196956889265,pinnacle,28,111,-120,,,,,,,,,,,,,,,,,,,,0.1,,,,,,,,,,,,,,,,,,,106,0.4639198222900696,0.4649196956889265,pinnacle,,2026-08-02T16:04:58.032838+00:00,0,,0.0,-4.43,-4.23,False,True,sharp,3.1,loss,,-0.0,2026-07-21.v14-suppressfix1,c77232b741072d22e3c49926ff91c383
2026-08-02,2026-08-02T16:04:58.032838+00:00,2026-08-02T20:11:00Z,mlb,Minnesota Twins,Seattle Mariners,Moneyline,Minnesota Twins,,120,0.0,,,B,16,37,53,4851,False,True,1.9,False,-0.0464019876453553,0.4334536419793839,0.4354243542435424,pinnacle,28,125,-136,,,,,,,,,,,,,,,,,,,,0.1,,,,,,,,,,,,,,,,,,,120,0.4334536419793839,0.4354243542435424,pinnacle,,2026-08-02T16:04:58.032838+00:00,0,,0.0,-4.64,-4.21,False,True,sharp,4.1,loss,,-0.0,2026-07-21.v14-suppressfix1,90e23149710c7c8f69e968ca8323f375
2026-08-02,2026-08-02T16:04:58.032838+00:00,2026-08-02T20:11:00Z,mlb,San Francisco Giants,San Diego Padres,Moneyline,San Francisco Giants,,130,0.0,,,D,6,16,22,3554,True,True,2.0,False,-0.04884701078009657,0.4135447779216972,0.41588092672413796,pinnacle,28,136,-147,,,,,,,,,,,,,,,,,,,,0.1,,,,,,,,,,,,,,,,,,,130,0.4135447779216972,0.41588092672413796,pinnacle,,2026-08-02T16:04:58.032838+00:00,0,,0.0,-4.88,-4.35,False,True,sharp,4.1,loss,,-0.0,2026-07-21.v14-suppressfix1,436bf68ad25a5637c9bf15c85396514a
2026-08-02,2026-08-02T16:04:58.032838+00:00,2026-08-02T23:21:00Z,mlb,Boston Red Sox,Los Angeles Dodgers,Moneyline,Boston Red Sox,,153,0.0,,,S,31,27,58,6492,True,True,1.7,False,-0.060132855158758214,0.37148899005582675,0.3753263707571802,pinnacle,27,161,-176,,,,,,,,,,,,,,,,,,,,0.1,,,,,,,,,,,,,,,,,,,150,0.37715349080010147,0.3809310402778556,pinnacle,,2026-08-02T22:27:09.933975+00:00,1,,1.2,-4.58,-3.62,True,True,sharp,7.27,win,,0.0,2026-07-21.v14-suppressfix1,9075e1d97a68d5244fa70607c57e266e
2026-08-03,2026-08-03T17:13:23.188927+00:00,2026-08-04T00:06:00Z,mlb,Los Angeles Dodgers,Chicago Cubs,Moneyline,Los Angeles Dodgers,,-125,0.0,,,D,6,75,81,6497,False,True,2.3,False,-0.0389844912896925,0.5338975048390597,0.5329494561740244,pinnacle,27,-119,110,,,,,,,,,,,,,,,,,,,,0.3,,,,,,,,,,,,,,,,,,,-200,0.6448132108156623,0.6392711044998141,pinnacle,,2026-08-04T04:48:53.211184+00:00,3,,20.0,16.07,15.07,True,True,sharp,6.88,loss,,-0.0,2026-07-21.v14-suppressfix1,ee5bdf1920cb1fffe248c1f4bb875246
2026-08-03,2026-08-03T17:13:23.188927+00:00,2026-08-04T00:06:00Z,mlb,San Francisco Giants,Texas Rangers,Moneyline,San Francisco Giants,,103,0.0,,,D,8,40,48,4468,False,True,1.6,False,-0.04482278590109845,0.4705306473393603,0.4713702319923538,pinnacle,27,108,-117,,,,,,,,,,,,,,,,,,,,0.3,,,,,,,,,,,,,,,,,,,165,0.35344350698764054,0.3631961259079903,consensus,,2026-08-04T04:48:53.211205+00:00,3,,-23.4,-28.25,-26.27,True,True,sharp,6.88,win,,0.0,2026-07-21.v14-suppressfix1,c34859ea48280a80eb3203f53118c114
2026-08-03,2026-08-03T17:13:23.188927+00:00,2026-08-04T00:41:00Z,mlb,Tampa Bay Rays,Colorado Rockies,Moneyline,Tampa Bay Rays,,-172,0.0,,,D,11,79,90,7265,False,True,2.4,False,-0.03507647550113824,0.6101722287272213,0.6067995275614095,pinnacle,27,-163,149,,,,,,,,,,,,,,,,,,,,0.3,,,,,,,,,,,,,,,,,,,-150,0.5785982770571642,0.5757997218358832,pinnacle,,2026-08-04T04:48:53.211214+00:00,3,,-5.12,-8.5,-8.94,True,True,sharp,7.46,win,,0.0,2026-07-21.v14-suppressfix1,ec933bb866229ec8d1ed9b978c363175
2026-08-03,2026-08-03T22:32:56.893728+00:00,2026-08-03T22:41:00Z,mlb,Washington Nationals,Philadelphia Phillies,Moneyline,Washington Nationals,,131,0.0,,,C,9,11,20,18347,True,True,8.3,False,-0.05465172449021072,0.40924167770986547,0.41186161449752884,pinnacle,27,138,-150,,,,,,,,,,,,,,,,,,,,0.1,,,,,,,,,,,,,,,,,,,210,0.29869247268162824,0.30683501446004086,pinnacle,,2026-08-04T04:48:53.211220+00:00,1,,-25.48,-31.0,-29.12,True,True,sharp,0.13,loss,,-0.0,2026-07-21.v14-suppressfix1,d5f05941c82f5ea7de7ee32d879c0d59
2026-08-03,2026-08-03T22:32:56.893728+00:00,2026-08-04T00:10:00Z,mlb,Toronto Blue Jays,Houston Astros,Moneyline,Toronto Blue Jays,,118,0.0,,,D,8,16,24,17574,True,False,-0.0,False,-0.04458561676234585,0.4382634785493827,0.4399629902377311,pinnacle,27,123,-133,,,,,,,,,,,,,,,,,,,,0.1,,,,,,,,,,,,,,,,,,,111,0.45436151194212937,0.4559761116939714,pinnacle,,2026-08-04T04:48:53.211225+00:00,2,,3.32,-0.95,-0.6,True,True,sharp,1.62,win,,0.0,2026-07-21.v14-suppressfix1,dce673f29a2a1bdfc8ad0e51de72a21d
2026-08-03,2026-08-03T22:32:56.893728+00:00,2026-08-04T01:41:00Z,mlb,San Diego Padres,Arizona Diamondbacks,Moneyline,Arizona Diamondbacks,,-112,0.0,,,B,22,53,75,15509,False,True,2.3,False,-0.035209679534203175,0.5097005466611757,0.509433962264151,pinnacle,27,-108,100,,,,,,,,,,,,,,,,,,,,0.1,,,,,,,,,,,,,,,,,,,-128,0.5427198418638619,0.539285269580376,consensus,,2026-08-04T04:48:53.211230+00:00,2,,6.27,2.73,2.08,True,True,sharp,3.13,win,,0.0,2026-07-21.v14-suppressfix1,caa5090c496576a1a597ac531d646e9b
2026-08-03,2026-08-03T22:32:56.893728+00:00,2026-08-04T22:40:00Z,mlb,Athletics,Cincinnati Reds,Total,Under,9.5,-110,0.0,,,,,,,,,,,True,0.03610151628555447,0.5427198418638618,0.539206961336893,consensus,5,,,,,,,,,,,,,,,,,,,,,,,,,,,,,,,,,,,,,,,,,-110,0.5427198418638618,0.539206961336893,consensus,9.5,2026-08-03T22:32:56.893728+00:00,0,9.0,0.0,3.61,2.94,False,True,value,24.12,win,,0.0,2026-07-21.v14-suppressfix1,f79dec5ded280dbf4ef07225e03ccd7e
2026-08-04,2026-08-04T16:56:53.252772+00:00,2026-08-04T22:40:00Z,MLB,Athletics,Cincinnati Reds,Moneyline,Athletics,,115,1.0,Single sharp signal,sharp,A,20,22,42,5447,True,True,2.4,False,,0.44415859256451506,0.44573643410852715,pinnacle,27,120,-130,124,128,0.4425,,,,,,,,,,,,,,,,,0.2,116,120,Pinnacle,,,,,,,,,,0.445,0.44,0.45,-0.0019,polymarket,-0.0019,116,0.44019451420719957,0.44218397130548653,pinnacle,,2026-08-05T04:49:03.923400+00:00,2,,-0.46,-5.36,-4.93,True,,,5.72,loss,,-1.0,2026-07-21.v14-suppressfix1,f79dec5ded280dbf4ef07225e03ccd7e
2026-08-04,2026-08-04T16:56:53.252772+00:00,2026-08-04T22:40:00Z,mlb,Athletics,Cincinnati Reds,Moneyline,Athletics,,115,0.0,,,A,20,22,42,5447,True,True,2.4,False,-0.04505902598629263,0.44415859256451506,0.44573643410852715,pinnacle,27,120,-130,,,,,,,,,,,,,,,,,,,,0.2,,,,,,,,,,,,,,,,,,,116,0.44019451420719957,0.44218397130548653,pinnacle,,2026-08-05T04:49:03.923420+00:00,2,,-0.46,-5.36,-4.93,True,True,sharp,5.72,loss,,-0.0,2026-07-21.v14-suppressfix1,f79dec5ded280dbf4ef07225e03ccd7e
2026-08-04,2026-08-04T16:56:53.252772+00:00,2026-08-04T22:40:00Z,mlb,Washington Nationals,Philadelphia Phillies,Moneyline,Philadelphia Phillies,,-290,0.0,,,D,8,87,95,5811,False,True,2.3,False,-0.02811097516036154,0.7226867107781927,0.7151345282917999,pinnacle,27,-273,243,,,,,,,,,,,,,,,,,,,,0.2,,,,,,,,,,,,,,,,,,,-310,0.7372522537734677,0.7292728846867399,pinnacle,,2026-08-04T22:35:00.594415+00:00,1,,1.68,-0.85,-1.93,True,True,sharp,5.72,win,,0.0,2026-07-21.v14-suppressfix1,9d696e41666e6fc76dc4b83ced2e8996
2026-08-04,2026-08-04T16:56:53.252772+00:00,2026-08-04T23:06:00Z,mlb,St. Louis Cardinals,New York Yankees,Moneyline,New York Yankees,,-204,0.0,,,D,9,73,82,4574,False,True,2.1,False,-0.03188013994754002,0.6496593797720455,0.6451409747117527,pinnacle,27,-193,176,,,,,,,,,,,,,,,,,,,,0.2,,,,,,,,,,,,,,,,,,,-212,0.6527871149539431,0.6479878222814194,pinnacle,,2026-08-04T22:35:00.594430+00:00,1,,1.26,-2.72,-3.44,True,True,sharp,6.15,loss,,-0.0,2026-07-21.v14-suppressfix1,2279edd120dc52c88defa2a54e0e107d
2026-08-04,2026-08-04T16:56:53.252772+00:00,2026-08-04T23:11:00Z,mlb,Chicago White Sox,Boston Red Sox,Moneyline,Chicago White Sox,,114,0.0,,,D,6,28,34,5412,True,True,2.0,False,-0.0365376900119202,0.4502160327047103,0.45166039913249373,pinnacle,27,117,-127,,,,,,,,,,,,,,,,,,,,0.2,,,,,,,,,,,,,,,,,,,103,0.47057339882907306,0.4715960714749275,pinnacle,,2026-08-05T04:49:03.923430+00:00,2,,5.42,0.7,0.92,True,True,sharp,6.23,loss,,-0.0,2026-07-21.v14-suppressfix1,00828e81b6bef980ada2777528d99f93
2026-08-04,2026-08-04T16:56:53.252772+00:00,2026-08-04T23:16:00Z,mlb,Miami Marlins,Atlanta Braves,Moneyline,Atlanta Braves,,-148,0.0,,,D,8,81,89,5154,False,True,1.9,False,-0.033539119587442046,0.5767589125042685,0.5743932465705242,pinnacle,27,-142,130,,,,,,,,,,,,,,,,,,,,0.2,,,,,,,,,,,,,,,,,,,-131,0.5435389160936785,0.5419847328244275,pinnacle,,2026-08-05T04:49:03.923437+00:00,2,,-4.97,-8.92,-9.18,True,True,sharp,6.32,win,,0.0,2026-07-21.v14-suppressfix1,b78e7c3194121b22ad94556a6db3048c
2026-08-04,2026-08-04T16:56:53.252772+00:00,2026-08-04T23:40:00Z,mlb,Pittsburgh Pirates,Milwaukee Brewers,Moneyline,Milwaukee Brewers,,-152,0.0,,,D,11,80,91,6214,False,True,1.6,False,-0.037842943149697716,0.5803487009573252,0.5779130916136175,pinnacle,27,-144,132,,,,,,,,,,,,,,,,,,,,0.2,,,,,,,,,,,,,,,,,,,-148,0.5740060018377132,0.5718872636460934,pinnacle,,2026-08-04T22:35:00.594451+00:00,1,,-1.06,-4.84,-5.19,True,True,sharp,6.72,loss,,-0.0,2026-07-21.v14-suppressfix1,9981a2df41e94c5547e84ff3f9979beb
2026-08-04,2026-08-04T16:56:53.252772+00:00,2026-08-04T23:41:00Z,mlb,Minnesota Twins,Kansas City Royals,Moneyline,Kansas City Royals,,124,0.0,,,B,18,33,51,4245,True,True,1.6,False,-0.045773444116477324,0.4259939981622869,0.4281127363539065,pinnacle,27,129,-140,,,,,,,,,,,,,,,,,,,,0.2,,,,,,,,,,,,,,,,,,,-118,0.5179450087824814,0.5172913928296243,pinnacle,,2026-08-05T04:49:03.923444+00:00,2,,21.25,16.02,15.87,True,True,sharp,6.73,win,,0.0,2026-07-21.v14-suppressfix1,9c77a3a4edfe3bf897bbe0330b1edbb7
2026-08-04,2026-08-04T16:56:53.252772+00:00,2026-08-05T00:06:00Z,mlb,San Francisco Giants,Texas Rangers,Moneyline,San Francisco Giants,,167,0.0,,,B,16,36,52,3125,False,True,2.1,False,-0.061265850705778946,0.3515858237057008,0.35609756097560974,pinnacle,27,175,-192,,,,,,,,,,,,,,,,,,,,0.2,,,,,,,,,,,,,,,,,,,169,0.3466578895699921,0.3511935835983105,pinnacle,,2026-08-04T22:35:00.594463+00:00,1,,-0.74,-7.44,-6.23,True,True,sharp,7.15,win,,0.0,2026-07-21.v14-suppressfix1,6473ba72a414bbd4449567e4ff83e076
2026-08-04,2026-08-04T16:56:53.252772+00:00,2026-08-05T01:41:00Z,mlb,San Diego Padres,Arizona Diamondbacks,Moneyline,Arizona Diamondbacks,,-120,0.0,,,D,6,77,83,4119,False,True,2.3,False,-0.041779972073096694,0.5226654697783109,0.5220013401831584,pinnacle,27,-114,105,,,,,,,,,,,,,,,,,,,,0.2,,,,,,,,,,,,,,,,,,,-116,0.5132782199850405,0.5128740431454418,pinnacle,,2026-08-04T22:35:00.594469+00:00,1,,-1.54,-5.9,-5.97,True,True,sharp,8.73,win,,0.0,2026-07-21.v14-suppressfix1,21df82e501e6c1d230d9c511b814ed68
2026-08-04,2026-08-04T22:35:00.625042+00:00,2026-08-05T01:41:00Z,MLB,Detroit Tigers,Seattle Mariners,Moneyline,Detroit Tigers,,107,1.0,Single sharp signal,sharp,A,26.7,45,72,10688,False,True,4.2,False,,0.4585570700630362,0.45980329491329713,pinnacle,27,113,-123,114,116,0.4651,,,,,,,,,,,,,,,,,0.2,108,113,Pinnacle,,,,,,,,,,0.425,0.42,0.43,0.079,polymarket,0.079,130,0.4126016173703615,0.4155887507302011,pinnacle,,2026-08-05T04:49:03.923450+00:00,2,,-10.0,-14.59,-13.97,True,,,3.1,win,,1.07,2026-07-21.v14-suppressfix1,631ee681c6e2c9bbf696b0564c11bd30
2026-08-04,2026-08-04T22:35:00.625042+00:00,2026-08-05T00:06:00Z,mlb,Los Angeles Dodgers,Chicago Cubs,Moneyline,Los Angeles Dodgers,,-194,0.0,,,D,14,76,90,18220,False,True,18.8,False,-0.03402991435522773,0.6374088320241015,0.6332344059822966,pinnacle,27,-183,167,,,,,,,,,,,,,,,,,,,,0.2,,,,,,,,,,,,,,,,,,,-198,0.6374088320241015,0.6332344059822966,pinnacle,,2026-08-04T23:42:05.353689+00:00,1,,0.69,-3.4,-4.04,True,True,sharp,1.52,loss,,-0.0,2026-07-21.v14-suppressfix1,c6a02f59db24e462163d3092b8ab79f8
2026-08-04,2026-08-04T22:35:00.625042+00:00,2026-08-05T00:06:00Z,mlb,San Francisco Giants,Texas Rangers,Moneyline,Texas Rangers,,-208,0.0,,,D,28,65,93,6780,False,True,3.5,False,-0.03255110570941133,0.6533421104300079,0.6488064164016896,pinnacle,27,-196,179,,,,,,,,,,,,,,,,,,,,0.2,,,,,,,,,,,,,,,,,,,-198,0.6426472580320998,0.6384343071670634,pinnacle,,2026-08-04T23:42:05.353697+00:00,1,,-1.61,-4.84,-5.46,True,True,sharp,1.52,loss,,-0.0,2026-07-21.v14-suppressfix1,6473ba72a414bbd4449567e4ff83e076
2026-08-04,2026-08-04T22:35:00.625042+00:00,2026-08-05T00:41:00Z,mlb,Tampa Bay Rays,Colorado Rockies,Moneyline,Tampa Bay Rays,,-177,0.0,,,D,11.7,82,93,10632,False,True,4.5,False,-0.037971421142567796,0.6147258428078176,0.6112929623567921,pinnacle,27,-166,152,,,,,,,,,,,,,,,,,,,,0.2,,,,,,,,,,,,,,,,,,,-179,0.6177023669124875,0.6142330723169047,pinnacle,,2026-08-04T23:42:05.353704+00:00,1,,0.4,-3.33,-3.87,True,True,sharp,2.1,win,,0.0,2026-07-21.v14-suppressfix1,5137c54e299ea7c31dbd7cf26b6bf6e2
2026-08-04,2026-08-04T22:35:00.625042+00:00,2026-08-05T01:41:00Z,mlb,Detroit Tigers,Seattle Mariners,Moneyline,Detroit Tigers,,107,0.0,,,A,26.7,45,72,10688,False,True,4.2,False,-0.0507868649695149,0.4585570700630362,0.45980329491329713,pinnacle,27,113,-123,,,,,,,,,,,,,,,,,,,,0.2,,,,,,,,,,,,,,,,,,,130,0.4126016173703615,0.4155887507302011,pinnacle,,2026-08-05T04:49:03.923456+00:00,2,,-10.0,-14.59,-13.97,True,True,sharp,3.1,win,,0.0,2026-07-21.v14-suppressfix1,631ee681c6e2c9bbf696b0564c11bd30
2026-08-04,2026-08-04T22:35:00.625042+00:00,2026-08-05T18:10:00Z,mlb,Toronto Blue Jays,Houston Astros,Moneyline,Toronto Blue Jays,,123,0.0,,,,,,,,,,,True,0.04123183490808158,0.4669201053399469,0.4694544401704098,consensus,16,,,,,,,,,,,,,,,,,,,,,,,,,,,,,,,,,,,,,,,,,140,0.41783647915176503,0.4207141879874127,pinnacle,,2026-08-04T23:42:05.353714+00:00,1,,-7.08,-6.82,-6.18,True,True,value,19.58,win,,0.0,2026-07-21.v14-suppressfix1,62d92e8ecf4bb3be97f03a09925eaec3
2026-08-05,2026-08-05T16:45:57.482592+00:00,2026-08-05T22:36:00Z,MLB,Los Angeles Angels,Baltimore Orioles,Moneyline,Los Angeles Angels,,105,1.0,Single sharp signal,sharp,A,32,13,45,5720,True,False,1.1,False,,0.4661024951609403,0.4670505438259757,pinnacle,27,110,-119,112,114,0.4695,,,,,,,,,,,,,,,,,0.5,107,111,DraftKings,,,,,,,,,,0.41,0.4,0.42,0.1368,polymarket,0.1368,118,0.43633337853047266,0.43807098996555344,pinnacle,,2026-08-05T22:34:11.111043+00:00,1,,-5.96,-10.55,-10.2,True,,,5.83,loss,,-1.0,2026-07-21.v14-suppressfix1,fe0d956203b65ef42f68a6d324f8b922
2026-08-05,2026-08-05T16:45:57.482592+00:00,2026-08-05T22:40:00Z,MLB,Athletics,Cincinnati Reds,Moneyline,Athletics,,132,1.0,Single sharp signal,sharp,A,22,17,39,3670,True,False,1.4,False,,0.41094025301321235,0.41353196153654526,pinnacle,27,137,-149,142,146,0.4099,,,,,,,,,,,,,,,,,0.5,134,137,DraftKings,,,,,,,,,,0.365,0.36,0.37,0.1259,polymarket,0.1259,144,0.38678004305262254,0.3901936243834204,pinnacle,,2026-08-05T22:34:11.111061+00:00,1,,-4.92,-10.27,-9.48,True,,,5.9,loss,,-1.0,2026-07-21.v14-suppressfix1,3cf7e6e67663cb95cf7840aeb10f3020
2026-08-05,2026-08-05T16:45:57.482592+00:00,2026-08-05T18:21:00Z,mlb,Los Angeles Dodgers,Chicago Cubs,Moneyline,Los Angeles Dodgers,,102,0.0,,,D,40,55,95,11132,False,True,2.2,False,-0.04952809237449218,0.4705306473393603,0.4713702319923538,pinnacle,27,108,-117,,,,,,,,,,,,,,,,,,,,0.5,,,,,,,,,,,,,,,,,,,102,0.4705306473393603,0.4713702319923538,pinnacle,,2026-08-05T16:45:57.482592+00:00,0,,0.0,-4.95,-4.78,False,True,sharp,1.58,loss,,-0.0,2026-07-21.v14-suppressfix1,3c86d930d993bc3d18da99df6bc33038
2026-08-05,2026-08-05T16:45:57.482592+00:00,2026-08-05T22:36:00Z,mlb,Los Angeles Angels,Baltimore Orioles,Moneyline,Los Angeles Angels,,105,0.0,,,A,32,13,45,5720,True,False,1.1,False,-0.04448988492007244,0.4661024951609403,0.4670505438259757,pinnacle,27,110,-119,,,,,,,,,,,,,,,,,,,,0.5,,,,,,,,,,,,,,,,,,,118,0.43633337853047266,0.43807098996555344,pinnacle,,2026-08-05T22:34:11.111069+00:00,1,,-5.96,-10.55,-10.2,True,True,sharp,5.83,loss,,-0.0,2026-07-21.v14-suppressfix1,fe0d956203b65ef42f68a6d324f8b922
2026-08-05,2026-08-05T16:45:57.482592+00:00,2026-08-05T22:40:00Z,mlb,Athletics,Cincinnati Reds,Moneyline,Athletics,,132,0.0,,,A,22,17,39,3670,True,False,1.4,False,-0.04661861300934722,0.41094025301321235,0.41353196153654526,pinnacle,27,137,-149,,,,,,,,,,,,,,,,,,,,0.5,,,,,,,,,,,,,,,,,,,144,0.38678004305262254,0.3901936243834204,pinnacle,,2026-08-05T22:34:11.111073+00:00,1,,-4.92,-10.27,-9.48,True,True,sharp,5.9,loss,,-0.0,2026-07-21.v14-suppressfix1,3cf7e6e67663cb95cf7840aeb10f3020
2026-08-05,2026-08-05T16:45:57.482592+00:00,2026-08-05T22:40:00Z,mlb,New York Mets,Cleveland Guardians,Moneyline,Cleveland Guardians,,-115,0.0,,,D,6,50,56,4483,False,True,1.7,False,-0.04708158667693241,0.5097005466611757,0.509433962264151,pinnacle,27,-108,100,,,,,,,,,,,,,,,,,,,,0.5,,,,,,,,,,,,,,,,,,,-110,0.5072747534244936,0.5070731362286036,pinnacle,,2026-08-05T22:34:11.111078+00:00,1,,-2.07,-5.16,-5.2,True,True,sharp,5.9,loss,,-0.0,2026-07-21.v14-suppressfix1,6eed9689ad215fe5673360260ee19300
2026-08-05,2026-08-05T16:45:57.482592+00:00,2026-08-05T22:41:00Z,mlb,Washington Nationals,Philadelphia Phillies,Moneyline,Washington Nationals,,161,0.0,,,D,8,10,18,5159,True,False,0.7,False,-0.05709294158036371,0.3612670721914315,0.36545192505661933,pinnacle,27,168,-184,,,,,,,,,,,,,,,,,,,,0.5,,,,,,,,,,,,,,,,,,,161,0.3612670721914315,0.36545192505661933,pinnacle,,2026-08-05T16:45:57.482592+00:00,0,,0.0,-5.71,-4.62,False,True,sharp,5.92,win,,0.0,2026-07-21.v14-suppressfix1,abfd6c313f05e6a63db17ff99a71c76b
2026-08-05,2026-08-05T16:45:57.482592+00:00,2026-08-05T23:06:00Z,mlb,St. Louis Cardinals,New York Yankees,Moneyline,St. Louis Cardinals,,136,0.0,,,B,17,18,35,3786,True,False,1.2,False,-0.046017322100858404,0.4042299482623481,0.406929052804272,pinnacle,27,141,-153,,,,,,,,,,,,,,,,,,,,0.5,,,,,,,,,,,,,,,,,,,129,0.41787937360831007,0.42034828858196793,pinnacle,,2026-08-05T22:34:11.111084+00:00,1,,3.06,-1.38,-0.8,True,True,sharp,6.33,win,,0.0,2026-07-21.v14-suppressfix1,2da70aefb8ce542046f6790787c32469
2026-08-05,2026-08-05T16:45:57.482592+00:00,2026-08-05T23:11:00Z,mlb,Chicago White Sox,Boston Red Sox,Moneyline,Chicago White Sox,,110,0.0,,,D,6,13,19,8411,True,False,0.4,False,-0.04805159390260605,0.4533087648082828,0.45454545454545453,pinnacle,27,116,-125,,,,,,,,,,,,,,,,,,,,0.5,,,,,,,,,,,,,,,,,,,125,0.4296911305272921,0.43173819976054856,pinnacle,,2026-08-05T22:34:11.111088+00:00,1,,-6.67,-9.76,-9.33,True,True,sharp,6.42,loss,,-0.0,2026-07-21.v14-suppressfix1,1f3cb32a66435b66d77c6543ea984cc6
2026-08-05,2026-08-05T16:45:57.482592+00:00,2026-08-05T23:41:00Z,mlb,Minnesota Twins,Kansas City Royals,Moneyline,Minnesota Twins,,102,0.0,,,D,8,44,52,4437,False,False,1.3,False,-0.044990987228887946,0.4727767389956,0.473559589581689,pinnacle,27,107,-116,,,,,,,,,,,,,,,,,,,,0.5,,,,,,,,,,,,,,,,,,,102,0.4727767389956,0.473559589581689,pinnacle,,2026-08-05T22:34:11.111092+00:00,1,,0.0,-4.5,-4.34,True,True,sharp,6.92,loss,,-0.0,2026-07-21.v14-suppressfix1,fbdb4a62358d122e0acbb41bc889d778
2026-08-05,2026-08-05T22:34:11.135583+00:00,2026-08-05T22:40:00Z,mlb,New York Mets,Cleveland Guardians,Moneyline,New York Mets,,-110,0.0,,,B,23,51,74,11213,False,False,-0.7,False,-0.059342711083123945,0.4927252465755065,0.4929268637713962,pinnacle,27,-101,-107,,,,,,,,,,,,,,,,,,,,0.2,,,,,,,,,,,,,,,,,,,-110,0.4927252465755065,0.4929268637713962,pinnacle,,2026-08-05T22:34:11.135583+00:00,0,,0.0,-5.93,-5.9,False,True,sharp,0.1,win,,0.0,2026-07-21.v14-suppressfix1,6eed9689ad215fe5673360260ee19300
2026-08-07,2026-08-07T01:03:26.903542+00:00,2026-08-07T01:41:00Z,mlb,San Diego Padres,Arizona Diamondbacks,Moneyline,San Diego Padres,,-115,0.0,,,B,15,45,60,12344,False,False,1.0,False,-0.04708158667693241,0.5097005466611757,0.509433962264151,pinnacle,26,-108,100,,,,,,,,,,,,,,,,,,,,0.2,,,,,,,,,,,,,,,,,,,-113,0.5024246678330881,0.5023568230025924,pinnacle,,2026-08-07T01:37:52.074931+00:00,1,,-0.82,-6.07,-6.08,True,True,sharp,0.63,win,,0.0,2026-07-21.v14-suppressfix1,ac809bf2f9ff5445c2ded443c4cc7795
2026-08-07,2026-08-07T16:00:37.805741+00:00,2026-08-07T23:11:00Z,MLB,Los Angeles Angels,Miami Marlins,Moneyline,Los Angeles Angels,,124,1.0,Single sharp signal,sharp,A,24,20,44,3493,True,False,0.5,False,,0.424169413256286,0.42632230673978416,pinnacle,27,130,-141,138,140,0.4184,,,,,,,,,,,,,,,,,0.2,131,138,1xBet,,,,,,,,,,0.395,0.39,0.4,0.0738,polymarket,0.0738,132,0.4100104637442476,0.4132639620653319,pinnacle,,2026-08-08T03:13:05.584631+00:00,2,,-3.45,-8.16,-7.43,True,,,7.17,win,,1.24,2026-07-21.v14-suppressfix1,cd7a442939785b6d6b84212d352d5f62
2026-08-07,2026-08-07T16:00:37.805741+00:00,2026-08-07T22:41:00Z,mlb,New York Mets,Pittsburgh Pirates,Moneyline,New York Mets,,113,0.0,,,B,19,42,61,4054,False,False,1.1,False,-0.04537993727671863,0.4481784332034185,0.4496686651940676,pinnacle,27,118,-128,,,,,,,,,,,,,,,,,,,,0.2,,,,,,,,,,,,,,,,,,,119,0.4334318248689252,0.4357578877693609,pinnacle,,2026-08-08T03:13:05.584650+00:00,2,,-2.74,-7.68,-7.18,True,True,sharp,6.67,win,,0.0,2026-07-21.v14-suppressfix1,b16edbe527767ab334db0995f39c8a5d
2026-08-07,2026-08-07T16:00:37.805741+00:00,2026-08-07T23:06:00Z,mlb,Atlanta Braves,New York Yankees,Moneyline,Atlanta Braves,,117,0.0,,,C,12,38,50,6078,False,False,1.2,False,-0.04896825154783957,0.4382634785493827,0.4399629902377311,pinnacle,27,123,-133,,,,,,,,,,,,,,,,,,,,0.2,,,,,,,,,,,,,,,,,,,-145,0.5721654999071611,0.5700820261908188,pinnacle,,2026-08-08T15:35:39.322522+00:00,2,,28.43,24.16,23.71,True,True,sharp,7.09,loss,,-0.0,2026-07-21.v14-suppressfix1,f21b26648f99c091191633eaa4b9d593
2026-08-07,2026-08-07T16:00:37.805741+00:00,2026-08-07T23:11:00Z,mlb,Athletics,Boston Red Sox,Moneyline,Athletics,,230,0.0,,,D,8,7,15,6462,True,False,1.2,False,-0.05802959718744494,0.2854455766098652,0.29262456752998994,pinnacle,27,234,-262,,,,,,,,,,,,,,,,,,,,0.2,,,,,,,,,,,,,,,,,,,195,0.3225706876420844,0.3347675727843011,consensus,,2026-08-08T03:13:05.584662+00:00,2,,11.86,6.45,10.47,True,True,sharp,7.17,loss,,-0.0,2026-07-21.v14-suppressfix1,91a75ec8bd4cdcae338a3b513e0ad681
2026-08-07,2026-08-07T16:00:37.805741+00:00,2026-08-07T23:11:00Z,mlb,Los Angeles Angels,Miami Marlins,Moneyline,Los Angeles Angels,,124,0.0,,,A,24,20,44,3493,True,False,0.5,False,-0.04986051430591931,0.424169413256286,0.42632230673978416,pinnacle,27,130,-141,,,,,,,,,,,,,,,,,,,,0.2,,,,,,,,,,,,,,,,,,,132,0.4100104637442476,0.4132639620653319,pinnacle,,2026-08-08T03:13:05.584669+00:00,2,,-3.45,-8.16,-7.43,True,True,sharp,7.17,win,,0.0,2026-07-21.v14-suppressfix1,cd7a442939785b6d6b84212d352d5f62
2026-08-07,2026-08-07T16:00:37.805741+00:00,2026-08-07T23:41:00Z,mlb,Cleveland Guardians,Chicago White Sox,Moneyline,Chicago White Sox,,124,0.0,,,B,15,44,59,4836,False,True,1.7,False,-0.045773444116477324,0.4259939981622869,0.4281127363539065,pinnacle,27,129,-140,,,,,,,,,,,,,,,,,,,,0.2,,,,,,,,,,,,,,,,,,,113,0.4639463728673965,0.46516522837297414,pinnacle,,2026-08-08T03:13:05.584675+00:00,3,,5.16,3.92,4.2,True,True,sharp,7.67,loss,,-0.0,2026-07-21.v14-suppressfix1,cad05e7cd27dfc1bc5a8301e34d64c33
2026-08-07,2026-08-07T16:00:37.805741+00:00,2026-08-08T00:16:00Z,mlb,Colorado Rockies,St. Louis Cardinals,Moneyline,St. Louis Cardinals,,-172,0.0,,,D,7,88,95,3791,False,False,1.4,False,-0.03635667947384724,0.609362687979773,0.6062400432835372,pinnacle,27,-162,149,,,,,,,,,,,,,,,,,,,,0.2,,,,,,,,,,,,,,,,,,,-153,0.5942253486501787,0.5906658931218978,pinnacle,,2026-08-08T03:13:05.584682+00:00,3,,-4.37,-6.03,-6.59,True,True,sharp,8.26,win,,0.0,2026-07-21.v14-suppressfix1,8c55b85bc3145610b69af3bd9f09586e
2026-08-07,2026-08-07T16:00:37.805741+00:00,2026-08-08T01:41:00Z,mlb,Houston Astros,San Diego Padres,Moneyline,San Diego Padres,,-122,0.0,,,D,17,68,85,4170,False,False,1.3,False,-0.04062652505756703,0.5272232610044001,0.526440410418311,pinnacle,27,-116,107,,,,,,,,,,,,,,,,,,,,0.2,,,,,,,,,,,,,,,,,,,-123,0.5294693526606398,0.5286297680076462,pinnacle,,2026-08-08T15:35:39.322552+00:00,3,,0.37,-3.65,-3.81,True,True,sharp,9.67,loss,,-0.0,2026-07-21.v14-suppressfix1,05fcf64141a314191b3d0fe945a8cf83
2026-08-07,2026-08-07T16:00:37.805741+00:00,2026-08-08T01:46:00Z,mlb,Tampa Bay Rays,Seattle Mariners,Moneyline,Tampa Bay Rays,,100,0.0,,,D,19,68,87,5866,False,True,51.2,False,-0.04533093955662115,0.4773345302216894,0.47799865981684164,pinnacle,27,105,-114,,,,,,,,,,,,,,,,,,,,0.2,,,,,,,,,,,,,,,,,,,100,0.4784643034879691,0.4790284493421793,pinnacle,,2026-08-08T15:35:39.322564+00:00,3,,0.0,-4.31,-4.19,True,True,sharp,9.76,win,,0.0,2026-07-21.v14-suppressfix1,5fad7bb8baaba2fe466e4c6ce84f2a76
2026-08-07,2026-08-07T16:00:37.805741+00:00,2026-08-08T02:16:00Z,mlb,Detroit Tigers,San Francisco Giants,Moneyline,Detroit Tigers,,-134,0.0,,,D,8,83,91,2241,False,False,1.4,False,-0.03637129380298465,0.5518215667965815,0.5503313348059325,pinnacle,27,-128,118,,,,,,,,,,,,,,,,,,,,0.2,,,,,,,,,,,,,,,,,,,-122,0.5226654697783109,0.5220013401831584,pinnacle,,2026-08-08T15:35:39.322572+00:00,3,,-4.03,-8.73,-8.84,True,True,sharp,10.26,loss,,-0.0,2026-07-21.v14-suppressfix1,d1686eccb932b814b1dba261c3809b1f
2026-08-07,2026-08-07T22:05:11.163695+00:00,2026-08-07T23:21:00Z,mlb,Cincinnati Reds,Washington Nationals,Moneyline,Washington Nationals,,-128,0.0,,,D,8,53,61,7472,False,True,10.6,False,-0.04125587910652717,0.5382423134840549,0.5371921594907021,pinnacle,27,-121,112,,,,,,,,,,,,,,,,,,,,0.1,,,,,,,,,,,,,,,,,,,126,0.43726898436924144,0.43949878436506445,pinnacle,,2026-08-08T03:13:05.584717+00:00,1,,-21.18,-22.11,-21.71,True,True,sharp,1.26,win,,0.0,2026-07-21.v14-suppressfix1,99fc4bfc698f7aa670b98139e490d1ff
2026-08-07,2026-08-07T22:05:11.163695+00:00,2026-08-07T23:41:00Z,mlb,Minnesota Twins,Milwaukee Brewers,Moneyline,Milwaukee Brewers,,-181,0.0,,,D,8,88,96,10269,False,True,5.6,False,-0.04332706540246334,0.6162199329614026,0.6127684877666749,pinnacle,27,-167,153,,,,,,,,,,,,,,,,,,,,0.1,,,,,,,,,,,,,,,,,,,-153,0.583923346751124,0.5810079557598683,pinnacle,,2026-08-08T03:13:05.584725+00:00,2,,-6.11,-9.35,-9.8,True,True,sharp,1.6,loss,,-0.0,2026-07-21.v14-suppressfix1,ed9fcfc2137fc652d961d19c318bc7be
2026-08-07,2026-08-07T22:05:11.163695+00:00,2026-08-08T00:11:00Z,mlb,Chicago Cubs,Kansas City Royals,Moneyline,Chicago Cubs,,-172,0.0,,,D,8,84,92,9612,False,True,2.3,False,-0.03635667947384724,0.609362687979773,0.6062400432835372,pinnacle,27,-162,149,,,,,,,,,,,,,,,,,,,,0.1,,,,,,,,,,,,,,,,,,,-165,0.6104095471410718,0.6020418610305928,consensus,,2026-08-08T03:13:05.584730+00:00,2,,-1.54,-3.47,-4.79,True,True,sharp,2.1,win,,0.0,2026-07-21.v14-suppressfix1,56a770e580e6a2d1dbcc18cfc3780fec
2026-08-07,2026-08-07T22:05:11.163695+00:00,2026-08-08T23:16:00Z,mlb,Baltimore Orioles,Texas Rangers,Total,Under,7.5,100,0.0,,,,,,,,,,,True,0.03321676142155727,0.5166083807107786,0.5158371040723981,pinnacle,10,-114,100,,,,,,,,,,,,,,,,,,,,0.1,,,,,,,,,,,,,,,,,,,100,0.5166083807107786,0.5158371040723981,pinnacle,7.5,2026-08-07T22:05:11.163695+00:00,0,,0.0,3.32,3.17,False,True,value,25.18,win,,0.0,2026-07-21.v14-suppressfix1,d9ec780336d9a4003b470398837385da
2026-08-07,2026-08-07T22:05:11.163695+00:00,2026-08-08T23:16:00Z,mlb,Colorado Rockies,St. Louis Cardinals,Run Line,St. Louis Cardinals,-1.5,150,0.0,,,,,,,,,,,True,0.03134112025034108,0.41253644810013645,0.41636945739263137,pinnacle,7,133,-151,,,,,,,,,,,,,,,,,,,,0.1,,,,,,,,,,,,,,,,,,,150,0.41253644810013645,0.41636945739263137,pinnacle,-1.5,2026-08-07T22:05:11.163695+00:00,0,,0.0,3.13,4.09,False,True,value,25.18,loss,,-0.0,2026-07-21.v14-suppressfix1,7d9e89063e6e0241bd42d8621d9a3aa8
2026-08-08,2026-08-08T15:35:39.824722+00:00,2026-08-08T22:41:00Z,mlb,New York Mets,Pittsburgh Pirates,Moneyline,New York Mets,,104,0.0,,,D,32.3,56,88,3478,False,False,1.4,False,-0.05360356252825793,0.4639198222900696,0.4649196956889265,pinnacle,27,111,-120,,,,,,,,,,,,,,,,,,,,0.1,,,,,,,,,,,,,,,,,,,-101,0.48078498378020235,0.48129313476207775,pinnacle,,2026-08-08T21:55:04.738214+00:00,1,,2.51,-1.92,-1.82,True,True,sharp,7.09,win,,0.0,2026-07-21.v14-suppressfix1,c70414f74d2d01667ec47d97408c9f83
2026-08-08,2026-08-08T15:35:39.824722+00:00,2026-08-08T22:46:00Z,mlb,Cincinnati Reds,Washington Nationals,Moneyline,Cincinnati Reds,,-148,0.0,,,D,15.0,75,90,4538,False,False,1.1,False,-0.038152105028696814,0.5740060018377132,0.5718872636460934,pinnacle,27,-140,129,,,,,,,,,,,,,,,,,,,,0.1,,,,,,,,,,,,,,,,,,,-142,0.5646400346242644,0.5627093412727949,pinnacle,,2026-08-08T21:55:04.738236+00:00,1,,-1.68,-5.38,-5.71,True,True,sharp,7.17,loss,,-0.0,2026-07-21.v14-suppressfix1,254ca63a4cce98af560e2a7fa7b64551
2026-08-08,2026-08-08T15:35:39.824722+00:00,2026-08-08T23:10:00Z,mlb,Chicago Cubs,Kansas City Royals,Moneyline,Chicago Cubs,,-165,0.0,,,D,6,92,98,3619,False,True,2.3,False,-0.033954050822191495,0.6015003079786355,0.5984876890388702,pinnacle,27,-157,144,,,,,,,,,,,,,,,,,,,,0.1,,,,,,,,,,,,,,,,,,,-155,0.5864552220783029,0.5841190732758621,pinnacle,,2026-08-08T21:55:04.738248+00:00,1,,-2.38,-5.81,-6.19,True,True,sharp,7.57,win,,0.0,2026-07-21.v14-suppressfix1,f55697bcdc0241e9015625a0b5281355
2026-08-08,2026-08-08T15:35:39.824722+00:00,2026-08-08T23:11:00Z,mlb,Minnesota Twins,Milwaukee Brewers,Moneyline,Minnesota Twins,,119,0.0,,,D,7.5,19,26,3226,True,False,1.1,False,-0.05073652406514928,0.4334536419793839,0.4354243542435424,pinnacle,27,125,-136,,,,,,,,,,,,,,,,,,,,0.1,,,,,,,,,,,,,,,,,,,122,0.4296911305272921,0.43173819976054856,pinnacle,,2026-08-08T21:55:04.738256+00:00,1,,-1.35,-5.9,-5.45,True,True,sharp,7.59,win,,0.0,2026-07-21.v14-suppressfix1,ac5e921307945f0cd2dcd651f4209604
2026-08-08,2026-08-08T15:35:39.824722+00:00,2026-08-08T23:16:00Z,mlb,Baltimore Orioles,Texas Rangers,Moneyline,Baltimore Orioles,,127,0.0,,,C,11,27,38,3251,True,False,1.3,False,-0.047391551173127766,0.419651299042675,0.42208690838638246,pinnacle,27,132,-144,,,,,,,,,,,,,,,,,,,,0.1,,,,,,,,,,,,,,,,,,,127,0.419651299042675,0.42208690838638246,pinnacle,,2026-08-08T21:55:04.738263+00:00,1,,0.0,-4.74,-4.19,True,True,sharp,7.67,loss,,-0.0,2026-07-21.v14-suppressfix1,d9ec780336d9a4003b470398837385da
2026-08-08,2026-08-08T15:35:39.824722+00:00,2026-08-08T23:16:00Z,mlb,Cleveland Guardians,Chicago White Sox,Moneyline,Cleveland Guardians,,-128,0.0,,,D,28.2,66,94,5856,False,True,2.0,False,-0.0431940799236451,0.5371542007446203,0.536016459868573,pinnacle,27,-121,111,,,,,,,,,,,,,,,,,,,,0.1,,,,,,,,,,,,,,,,,,,-135,0.5518215667965815,0.5503313348059325,pinnacle,,2026-08-08T21:55:04.738271+00:00,1,,2.33,-1.71,-1.97,True,True,sharp,7.67,win,,0.0,2026-07-21.v14-suppressfix1,33be2f3b18fff5a3f250b48a5980305d
2026-08-08,2026-08-08T15:35:39.824722+00:00,2026-08-08T23:16:00Z,mlb,Detroit Tigers,San Francisco Giants,Moneyline,Detroit Tigers,,-122,0.0,,,D,24.5,62,86,2327,False,False,1.3,False,-0.0489202107312704,0.5226654697783109,0.5220013401831584,pinnacle,27,-114,105,,,,,,,,,,,,,,,,,,,,0.1,,,,,,,,,,,,,,,,,,,-122,0.5272232610044001,0.526440410418311,pinnacle,,2026-08-08T21:55:04.738277+00:00,1,,0.0,-4.06,-4.21,True,True,sharp,7.67,loss,,-0.0,2026-07-21.v14-suppressfix1,3ba899e2de8498870462a2bf41364384
2026-08-08,2026-08-08T15:35:39.824722+00:00,2026-08-08T23:16:00Z,mlb,Houston Astros,San Diego Padres,Moneyline,Houston Astros,,103,0.0,,,D,21.3,55,76,3806,False,True,1.5,False,-0.04482278590109845,0.4705306473393603,0.4713702319923538,pinnacle,27,108,-117,,,,,,,,,,,,,,,,,,,,0.1,,,,,,,,,,,,,,,,,,,101,0.47504459274561833,0.47576897543704366,pinnacle,,2026-08-08T21:55:04.738284+00:00,1,,1.0,-3.57,-3.42,True,True,sharp,7.67,win,,0.0,2026-07-21.v14-suppressfix1,65088419b2bbe20536ff82ba4b8956c4
2026-08-08,2026-08-08T15:35:39.824722+00:00,2026-08-09T00:11:00Z,mlb,Los Angeles Dodgers,Arizona Diamondbacks,Moneyline,Los Angeles Dodgers,,-181,0.0,,,D,12,80,92,3872,False,True,1.9,False,-0.036476129810457225,0.6206328131825881,0.6171298922291548,pinnacle,27,-170,156,,,,,,,,,,,,,,,,,,,,0.1,,,,,,,,,,,,,,,,,,,-199,0.6433426336445492,0.6388624166123288,pinnacle,,2026-08-08T21:55:04.738291+00:00,1,,3.33,-0.12,-0.82,True,True,sharp,8.59,loss,,-0.0,2026-07-21.v14-suppressfix1,30fc735653380dfae5b9de10acf8b5f6
2026-08-08,2026-08-08T15:35:39.824722+00:00,2026-08-09T01:50:00Z,mlb,Tampa Bay Rays,Seattle Mariners,Moneyline,Tampa Bay Rays,,100,0.0,,,D,16.2,64,80,3786,False,False,1.0,False,-0.04307139302406182,0.4784643034879691,0.4790284493421793,pinnacle,27,105,-113,,,,,,,,,,,,,,,,,,,,0.1,,,,,,,,,,,,,,,,,,,100,0.4784643034879691,0.4790284493421793,pinnacle,,2026-08-08T21:55:04.738298+00:00,1,,0.0,-4.31,-4.19,True,True,sharp,10.24,win,,0.0,2026-07-21.v14-suppressfix1,79a0c1e324175df9d0c7f93de8d4dc44
2026-08-08,2026-08-08T21:55:04.772895+00:00,2026-08-08T22:06:00Z,mlb,Toronto Blue Jays,Philadelphia Phillies,Moneyline,Philadelphia Phillies,,-180,0.0,,,D,12,75,87,15802,False,False,-0.5,False,-0.03457117949375177,0.6206328131825881,0.6171298922291548,pinnacle,27,-170,156,,,,,,,,,,,,,,,,,,,,0.1,,,,,,,,,,,,,,,,,,,-180,0.6206328131825881,0.6171298922291548,pinnacle,,2026-08-08T21:55:04.772895+00:00,0,,0.0,-3.46,-4.0,False,True,sharp,0.18,loss,,-0.0,2026-07-21.v14-suppressfix1,1832664964f1aa706bdd77989f364361
2026-08-08,2026-08-08T21:55:04.772895+00:00,2026-08-08T23:11:00Z,mlb,Minnesota Twins,Milwaukee Brewers,Moneyline,Milwaukee Brewers,,-145,0.0,,,D,10,73,83,9446,False,False,-8.9,False,-0.036374668821976375,0.5703088694727079,0.5682618002394515,pinnacle,27,-138,127,,,,,,,,,,,,,,,,,,,,0.1,,,,,,,,,,,,,,,,,,,-147,0.5740060018377132,0.5718872636460934,pinnacle,,2026-08-08T23:03:48.665036+00:00,1,,0.56,-3.01,-3.37,True,True,sharp,1.26,loss,,-0.0,2026-07-21.v14-suppressfix1,ac5e921307945f0cd2dcd651f4209604
2026-08-08,2026-08-08T21:55:04.772895+00:00,2026-08-08T23:16:00Z,mlb,Colorado Rockies,St. Louis Cardinals,Moneyline,St. Louis Cardinals,,-161,0.0,,,D,17,76,93,10127,False,False,1.1,False,-0.03958033699343755,0.5924427806285693,0.5897955514880127,pinnacle,27,-151,139,,,,,,,,,,,,,,,,,,,,0.1,,,,,,,,,,,,,,,,,,,-162,0.5941132990800456,0.5914396887159533,pinnacle,,2026-08-08T23:03:48.665051+00:00,1,,0.24,-3.69,-4.12,True,True,sharp,1.35,win,,0.0,2026-07-21.v14-suppressfix1,7d9e89063e6e0241bd42d8621d9a3aa8
2026-08-08,2026-08-08T21:55:04.772895+00:00,2026-08-29T21:30:00Z,ncaaf,Jacksonville State Gamecocks,North Dakota State Bison,Moneyline,Jacksonville State Gamecocks,,240,0.0,,,B,19,5,24,888,True,False,0.4,False,-0.09271199209666758,0.2668494140892154,0.2821182082327862,pinnacle,13,239,-301,,,,,,,,,,,,,,,,,,,,0.1,,,,,,,,,,,,,,,,,,,235,0.2745243043135166,0.2890925170371361,pinnacle,,2026-08-16T22:57:15.250291+00:00,33,,1.49,-6.66,-1.71,True,True,sharp,503.58,loss,,-0.0,2026-07-21.v14-suppressfix1,b9d8d9eeb4afdebe9f91de7f8253eb07
2026-08-09,2026-08-09T15:37:29.388918+00:00,2026-08-09T17:35:00Z,MLB,Atlanta Braves,New York Yankees,Moneyline,Atlanta Braves,,122,1.0,Single sharp signal,sharp,A,28,37,65,8178,False,False,1.0,False,,0.4296911305272921,0.43173819976054856,pinnacle,27,127,-138,130,134,0.4311,,,,,,,,,,,,,,,,,0.1,122,131,DraftKings,,,,,,,,,,0.425,0.42,0.43,0.011,polymarket,0.011,122,0.4296911305272921,0.43173819976054856,pinnacle,,2026-08-09T15:37:29.388918+00:00,0,,0.0,-4.61,-4.15,False,,,1.96,win,,1.22,2026-07-21.v14-suppressfix1,daa4e04859053509cd5193e35c94fd0f
2026-08-09,2026-08-09T15:37:29.388918+00:00,2026-08-09T17:35:00Z,mlb,Athletics,Boston Red Sox,Moneyline,Boston Red Sox,,-245,0.0,,,D,11,74,85,6442,False,True,1.6,False,-0.03812878864383151,0.6830679616877139,0.677179041470077,pinnacle,27,-225,203,,,,,,,,,,,,,,,,,,,,0.1,,,,,,,,,,,,,,,,,,,-245,0.6830679616877139,0.677179041470077,pinnacle,,2026-08-09T15:37:29.388918+00:00,0,,0.0,-3.81,-4.64,False,True,sharp,1.96,loss,,-0.0,2026-07-21.v14-suppressfix1,4d813bba0ab81ed793aee02b1374e0dd
2026-08-09,2026-08-09T15:37:29.388918+00:00,2026-08-09T17:35:00Z,mlb,Atlanta Braves,New York Yankees,Moneyline,Atlanta Braves,,122,0.0,,,A,28,37,65,8178,False,False,1.0,False,-0.04608569022941167,0.4296911305272921,0.43173819976054856,pinnacle,27,127,-138,,,,,,,,,,,,,,,,,,,,0.1,,,,,,,,,,,,,,,,,,,122,0.4296911305272921,0.43173819976054856,pinnacle,,2026-08-09T15:37:29.388918+00:00,0,,0.0,-4.61,-4.15,False,True,sharp,1.96,win,,0.0,2026-07-21.v14-suppressfix1,daa4e04859053509cd5193e35c94fd0f
2026-08-09,2026-08-09T15:37:29.388918+00:00,2026-08-09T17:35:00Z,mlb,New York Mets,Pittsburgh Pirates,Moneyline,New York Mets,,123,0.0,,,C,10,43,53,4518,False,False,0.4,False,-0.04592906479296899,0.427834500092839,0.4299179738091811,pinnacle,27,128,-139,,,,,,,,,,,,,,,,,,,,0.1,,,,,,,,,,,,,,,,,,,123,0.427834500092839,0.4299179738091811,pinnacle,,2026-08-09T15:37:29.388918+00:00,0,,0.0,-4.59,-4.13,False,True,sharp,1.96,win,,0.0,2026-07-21.v14-suppressfix1,3081c067af129c2354800a0fde3a3568
2026-08-09,2026-08-09T15:37:29.388918+00:00,2026-08-09T17:40:00Z,mlb,Los Angeles Angels,Miami Marlins,Moneyline,Miami Marlins,,-147,0.0,,,D,21,65,86,4675,False,True,2.1,False,-0.03860626886347762,0.5721654999071611,0.5700820261908188,pinnacle,27,-139,128,,,,,,,,,,,,,,,,,,,,0.1,,,,,,,,,,,,,,,,,,,-147,0.5721654999071611,0.5700820261908188,pinnacle,,2026-08-09T15:37:29.388918+00:00,0,,0.0,-3.86,-4.21,False,True,sharp,2.04,win,,0.0,2026-07-21.v14-suppressfix1,440c77bba5359e2f5581b4cc8db80c54
2026-08-09,2026-08-09T15:37:29.388918+00:00,2026-08-09T18:10:00Z,mlb,Chicago Cubs,Kansas City Royals,Moneyline,Chicago Cubs,,-170,0.0,,,D,6,80,86,6139,False,False,0.8,False,-0.037123423223924146,0.6062556224145662,0.6031746031746031,pinnacle,27,-160,147,,,,,,,,,,,,,,,,,,,,0.1,,,,,,,,,,,,,,,,,,,-170,0.6062556224145662,0.6031746031746031,pinnacle,,2026-08-09T15:37:29.388918+00:00,0,,0.0,-3.71,-4.2,False,True,sharp,2.54,win,,0.0,2026-07-21.v14-suppressfix1,d9bb4855e4ed5d8ae038db62356ed74f
2026-08-09,2026-08-09T15:37:29.388918+00:00,2026-08-09T18:10:00Z,mlb,Cleveland Guardians,Chicago White Sox,Moneyline,Chicago White Sox,,111,0.0,,,B,16,53,69,5528,False,False,1.2,False,-0.036905953718362694,0.4564426759628612,0.4577407225764263,pinnacle,27,114,-124,,,,,,,,,,,,,,,,,,,,0.1,,,,,,,,,,,,,,,,,,,111,0.4564426759628612,0.4577407225764263,pinnacle,,2026-08-09T15:37:29.388918+00:00,0,,0.0,-3.69,-3.42,False,True,sharp,2.54,win,,0.0,2026-07-21.v14-suppressfix1,9787ffdc39d62ec33a07c7d40b78adee
2026-08-09,2026-08-09T15:37:29.388918+00:00,2026-08-09T18:15:00Z,mlb,Colorado Rockies,St. Louis Cardinals,Moneyline,St. Louis Cardinals,,-165,0.0,,,D,12,67,79,4675,False,True,1.6,False,-0.0313876618871638,0.6030982482589358,0.6000620058905596,pinnacle,27,-158,145,,,,,,,,,,,,,,,,,,,,0.1,,,,,,,,,,,,,,,,,,,-165,0.6030982482589358,0.6000620058905596,pinnacle,,2026-08-09T15:37:29.388918+00:00,0,,0.0,-3.14,-3.63,False,True,sharp,2.62,win,,0.0,2026-07-21.v14-suppressfix1,6b6ba5b15bfaaa7ec8e1e6d5c8666468
2026-08-09,2026-08-09T15:37:29.388918+00:00,2026-08-09T18:35:00Z,mlb,Baltimore Orioles,Texas Rangers,Moneyline,Baltimore Orioles,,106,0.0,,,D,8,42,50,3604,False,False,1.0,False,-0.04653765353391748,0.46284579925537983,0.463983540131427,pinnacle,27,111,-121,,,,,,,,,,,,,,,,,,,,0.1,,,,,,,,,,,,,,,,,,,106,0.46284579925537983,0.463983540131427,pinnacle,,2026-08-09T15:37:29.388918+00:00,0,,0.0,-4.65,-4.42,False,True,sharp,2.96,win,,0.0,2026-07-21.v14-suppressfix1,a7521ab1b3d33fa79e27498c47700cb4
2026-08-09,2026-08-09T15:37:29.388918+00:00,2026-08-09T20:05:00Z,mlb,Detroit Tigers,San Francisco Giants,Moneyline,Detroit Tigers,,-131,0.0,,,D,13,79,92,5826,False,False,1.1,False,-0.050885691489948925,0.5382423134840549,0.5371921594907021,pinnacle,27,-121,112,,,,,,,,,,,,,,,,,,,,0.1,,,,,,,,,,,,,,,,,,,-131,0.5382423134840549,0.5371921594907021,pinnacle,,2026-08-09T15:37:29.388918+00:00,0,,0.0,-5.09,-5.27,False,True,sharp,4.46,win,,0.0,2026-07-21.v14-suppressfix1,9e78ca8707c1e5012ccd30c142e37a40
2026-08-09,2026-08-09T15:37:29.388918+00:00,2026-08-09T20:11:00Z,mlb,Tampa Bay Rays,Seattle Mariners,Moneyline,Tampa Bay Rays,,-108,0.0,,,D,6,54,60,4755,False,True,1.6,False,-0.04637685932425184,0.4951504768893307,0.49528568734678485,pinnacle,27,-102,-106,,,,,,,,,,,,,,,,,,,,0.1,,,,,,,,,,,,,,,,,,,-108,0.4951504768893307,0.49528568734678485,pinnacle,,2026-08-09T15:37:29.388918+00:00,0,,0.0,-4.64,-4.61,False,True,sharp,4.56,win,,0.0,2026-07-21.v14-suppressfix1,aaff9f9ccf0ff2965b6e7fa5604c211d
2026-08-09,2026-08-09T15:37:29.388918+00:00,2026-08-29T22:30:00Z,ncaaf,Sacramento State Hornets,Eastern Michigan Eagles,Moneyline,Sacramento State Hornets,,265,0.0,,,C,12,5,17,520,True,True,1.9,False,-0.10284105665285759,0.245796970780039,0.2630725431547083,pinnacle,14,263,-338,,,,,,,,,,,,,,,,,,,,0.1,,,,,,,,,,,,,,,,,,,270,0.245796970780039,0.2630725431547083,pinnacle,,2026-08-16T22:57:15.250311+00:00,30,,-1.35,-10.28,-3.98,True,True,sharp,486.87,loss,,-0.0,2026-07-21.v14-suppressfix1,7fd4a16a262295143f08276821b259a4
2026-08-09,2026-08-09T15:37:29.388918+00:00,2026-08-30T02:00:00Z,ncaaf,Memphis Tigers,UNLV Rebels,Moneyline,Memphis Tigers,,175,0.0,,,B,39,9,48,1403,True,False,0.5,False,-0.07665461013765595,0.3357619599499433,0.3459447586623469,pinnacle,15,177,-215,,,,,,,,,,,,,,,,,,,,0.1,,,,,,,,,,,,,,,,,,,180,0.3357619599499433,0.3459447586623469,pinnacle,,2026-08-16T22:57:15.250320+00:00,30,,-1.79,-7.67,-4.87,True,True,sharp,490.37,win,,0.0,2026-07-21.v14-suppressfix1,90d9b4e9c9485143021eb1535e792164
2026-08-09,2026-08-09T21:57:31.269375+00:00,2026-08-10T00:20:00Z,mlb,Houston Astros,San Diego Padres,Moneyline,Houston Astros,,101,0.0,,,B,18,45,63,12833,False,False,1.5,False,-0.040557594254404306,0.4773345302216894,0.47799865981684164,pinnacle,27,105,-114,,,,,,,,,,,,,,,,,,,,0.4,,,,,,,,,,,,,,,,,,,105,0.4705306473393603,0.4713702319923538,pinnacle,,2026-08-09T23:04:39.341403+00:00,1,,-1.95,-5.42,-5.25,True,True,sharp,2.37,loss,,-0.0,2026-07-21.v14-suppressfix1,0bdcc169898fa56f98953c275c5f9d4e
2026-08-10,2026-08-10T16:03:19.940348+00:00,2026-08-10T23:15:00Z,MLB,New York Mets,Atlanta Braves,Moneyline,New York Mets,,124,1.0,Single sharp signal,sharp,A,32,23,55,6351,True,False,0.9,False,,0.4259939981622869,0.4281127363539065,pinnacle,26,129,-140,134,136,0.4255,,,,,,,,,,,,,,,,,0.2,131,133,GTbets,,,,,,,,,,0.435,0.43,0.44,-0.0207,betonline,-0.016,111,0.4522814024092017,0.453954604539546,pinnacle,,2026-08-11T03:22:57.516340+00:00,2,,6.16,1.31,1.69,True,,,7.19,win,,1.24,2026-07-21.v14-suppressfix1,4a90a077ddd83a66ffc796851a64a7ac
2026-08-10,2026-08-10T16:03:19.940348+00:00,2026-08-30T02:00:00Z,NCAAF,Memphis Tigers,UNLV Rebels,Moneyline,Memphis Tigers,,175,1.0,Single sharp signal,sharp,A,38,9,47,1524,True,False,0.8,False,,0.3357619599499433,0.3459447586623469,pinnacle,15,177,-215,,,,,,,,,,,,,,,,,,,,0.0,,195,FanDuel,,,,,,,,,,,,,,,,180,0.3357619599499433,0.3459447586623469,pinnacle,,2026-08-16T22:57:15.250326+00:00,26,,-1.79,-7.67,-4.87,True,,,465.94,win,,1.75,2026-07-21.v14-suppressfix1,90d9b4e9c9485143021eb1535e792164
2026-08-10,2026-08-10T16:03:19.940348+00:00,2026-08-10T23:15:00Z,mlb,New York Mets,Atlanta Braves,Moneyline,New York Mets,,124,0.0,,,A,32,23,55,6351,True,False,0.9,False,-0.045773444116477324,0.4259939981622869,0.4281127363539065,pinnacle,26,129,-140,,,,,,,,,,,,,,,,,,,,0.2,,,,,,,,,,,,,,,,,,,111,0.4522814024092017,0.453954604539546,pinnacle,,2026-08-11T03:22:57.516352+00:00,2,,6.16,1.31,1.69,True,True,sharp,7.19,win,,0.0,2026-07-21.v14-suppressfix1,4a90a077ddd83a66ffc796851a64a7ac
2026-08-10,2026-08-10T16:03:19.940348+00:00,2026-08-10T23:46:00Z,mlb,Philadelphia Phillies,St. Louis Cardinals,Moneyline,St. Louis Cardinals,,100,0.0,,,B,14,47,61,5467,False,False,1.0,False,-0.04766776648344706,0.47616611675827647,0.47678460030300335,pinnacle,26,106,-114,,,,,,,,,,,,,,,,,,,,0.2,,,,,,,,,,,,,,,,,,,142,0.3904927365226113,0.3945716506247385,pinnacle,,2026-08-11T03:22:57.516358+00:00,3,,-17.36,-21.9,-21.09,True,True,sharp,7.71,loss,,-0.0,2026-07-21.v14-suppressfix1,c255384aa44923f4efbe8a468688481e
2026-08-10,2026-08-10T16:03:19.940348+00:00,2026-08-11T01:41:00Z,mlb,Milwaukee Brewers,San Diego Padres,Moneyline,Milwaukee Brewers,,-122,0.0,,,D,19,60,79,5886,False,False,0.9,False,-0.042652467473516364,0.5261099052623018,0.5254386933009602,pinnacle,26,-115,107,,,,,,,,,,,,,,,,,,,,0.2,,,,,,,,,,,,,,,,,,,-123,0.5294693526606398,0.5286297680076462,pinnacle,,2026-08-11T16:04:07.512670+00:00,3,,0.37,-3.65,-3.81,True,True,sharp,9.63,loss,,-0.0,2026-07-21.v14-suppressfix1,949b90cc4afe7385bc011bc5ef4518bd
2026-08-10,2026-08-10T16:03:19.940348+00:00,2026-08-11T01:46:00Z,mlb,Houston Astros,San Francisco Giants,Moneyline,San Francisco Giants,,131,0.0,,,D,7,16,23,3190,True,False,1.0,False,-0.04677128030397282,0.4126531254095356,0.4152156442539512,pinnacle,26,136,-148,,,,,,,,,,,,,,,,,,,,0.2,,,,,,,,,,,,,,,,,,,156,0.3687206890360458,0.37258423352185915,pinnacle,,2026-08-11T16:04:07.512677+00:00,3,,-9.77,-14.83,-13.93,True,True,sharp,9.71,loss,,-0.0,2026-07-21.v14-suppressfix1,9ce232af92e1165ab3648c66fd2700e3
2026-08-10,2026-08-10T16:03:19.940348+00:00,2026-08-11T02:10:00Z,mlb,Kansas City Royals,Los Angeles Dodgers,Moneyline,Kansas City Royals,,225,0.0,,,C,10,10,20,5795,True,False,0.4,False,-0.07230187601793814,0.2854455766098652,0.29262456752998994,pinnacle,26,234,-262,,,,,,,,,,,,,,,,,,,,0.2,,,,,,,,,,,,,,,,,,,225,0.2846225040375751,0.2917889152365259,pinnacle,,2026-08-11T16:04:07.512684+00:00,3,,0.0,-7.5,-5.17,True,True,sharp,10.11,loss,,-0.0,2026-07-21.v14-suppressfix1,73ef1f850670696ba58e162fd6a974c5
2026-08-10,2026-08-10T22:06:09.510649+00:00,2026-08-11T01:38:00Z,mlb,Texas Rangers,Los Angeles Angels,Moneyline,Los Angeles Angels,,-107,0.0,,,D,6,28,34,10026,True,False,1.0,False,-0.04678386877448737,0.4927252465755065,0.4929268637713962,pinnacle,26,-101,-107,,,,,,,,,,,,,,,,,,,,0.4,,,,,,,,,,,,,,,,,,,122,0.4296911305272921,0.43173819976054856,pinnacle,,2026-08-11T16:04:07.512690+00:00,2,,-12.86,-16.87,-16.48,True,True,sharp,3.53,loss,,-0.0,2026-07-21.v14-suppressfix1,d84c052615fe26488fde71d793be8173
2026-08-10,2026-08-10T22:06:09.510649+00:00,2026-08-11T01:41:00Z,mlb,Tampa Bay Rays,Athletics,Moneyline,Tampa Bay Rays,,-164,0.0,,,D,6,87,93,14070,False,True,1.9,False,-0.03957516060473287,0.5966275517455447,0.5936910132130403,pinnacle,26,-154,141,,,,,,,,,,,,,,,,,,,,0.4,,,,,,,,,,,,,,,,,,,-186,0.6249444235335846,0.621395980972721,pinnacle,,2026-08-11T16:04:07.512696+00:00,2,,4.69,0.6,0.03,True,True,sharp,3.58,win,,0.0,2026-07-21.v14-suppressfix1,5587cc1ecdf775d79a5d6efb0d87a1b4
2026-08-11,2026-08-11T16:04:07.554961+00:00,2026-08-11T23:08:00Z,MLB,Boston Red Sox,Toronto Blue Jays,Moneyline,Boston Red Sox,,119,1.0,Single sharp signal,sharp,A,44,44,88,4967,False,False,0.5,False,,0.4353599653757356,0.4372906587272051,pinnacle,26,124,-135,128,130,0.4367,,,,,,,,,,,,,,,,,0.3,125,130,FanDuel,,,,,,,,,,0.545,0.54,0.55,-0.2012,betonline,-0.0204,117,0.4382634785493827,0.4399629902377311,pinnacle,,2026-08-11T22:11:25.552012+00:00,1,,0.92,-4.02,-3.65,True,,,7.06,loss,,-1.0,2026-07-21.v14-suppressfix1,9c82c4f0b33ba5e7ab520128ca969014
2026-08-11,2026-08-11T16:04:07.554961+00:00,2026-08-11T23:41:00Z,MLB,Cincinnati Reds,Chicago White Sox,Moneyline,Cincinnati Reds,,136,1.0,Single sharp signal,sharp,A,22,22,44,4321,True,False,1.0,False,,0.40588670091995455,0.40856031128404674,pinnacle,26,140,-152,142,146,0.4099,,,,,,,,,,,,,,,,,0.3,142,144,GTbets,,,,,,,,,,0.465,0.46,0.47,-0.1271,betonline,-0.0178,123,0.42320754171793473,0.4259645555419216,pinnacle,,2026-08-12T03:51:09.982656+00:00,3,,5.83,-0.12,0.53,True,,,7.61,win,,1.36,2026-07-21.v14-suppressfix1,bd7e76db673b0ad81d62b744ba2d18d1
2026-08-11,2026-08-11T16:04:07.554961+00:00,2026-08-11T22:41:00Z,mlb,Pittsburgh Pirates,Miami Marlins,Moneyline,Miami Marlins,,-102,0.0,,,B,17,46,63,6093,False,False,1.0,False,-0.043216121470791125,0.4831284931187094,0.4835789425434877,pinnacle,26,103,-111,,,,,,,,,,,,,,,,,,,,0.3,,,,,,,,,,,,,,,,,,,-114,0.5181019599999925,0.5165608947570742,consensus,,2026-08-12T03:51:09.982665+00:00,2,,5.5,2.6,2.3,True,True,sharp,6.61,win,,0.0,2026-07-21.v14-suppressfix1,f0a09a749d56c0e6a61574359233e36a
2026-08-11,2026-08-11T16:04:07.554961+00:00,2026-08-11T23:08:00Z,mlb,Boston Red Sox,Toronto Blue Jays,Moneyline,Boston Red Sox,,119,0.0,,,A,44,44,88,4967,False,False,0.5,False,-0.04656167582713899,0.4353599653757356,0.4372906587272051,pinnacle,26,124,-135,,,,,,,,,,,,,,,,,,,,0.3,,,,,,,,,,,,,,,,,,,117,0.4382634785493827,0.4399629902377311,pinnacle,,2026-08-11T22:11:25.552029+00:00,1,,0.92,-4.02,-3.65,True,True,sharp,7.06,loss,,-0.0,2026-07-21.v14-suppressfix1,9c82c4f0b33ba5e7ab520128ca969014
2026-08-11,2026-08-11T16:04:07.554961+00:00,2026-08-11T23:16:00Z,mlb,New York Mets,Atlanta Braves,Moneyline,Atlanta Braves,,-135,0.0,,,D,24,61,85,4574,False,True,1.9,False,-0.0465483027922019,0.5477275707363947,0.5463304962261121,pinnacle,26,-126,116,,,,,,,,,,,,,,,,,,,,0.3,,,,,,,,,,,,,,,,,,,-135,0.548754950327882,0.5474750710824556,pinnacle,,2026-08-11T22:11:25.552036+00:00,1,,0.0,-4.48,-4.7,True,True,sharp,7.2,loss,,-0.0,2026-07-21.v14-suppressfix1,6da2466049f8fac0d952ce018080b949
2026-08-11,2026-08-11T16:04:07.554961+00:00,2026-08-11T23:41:00Z,mlb,Baltimore Orioles,Minnesota Twins,Moneyline,Baltimore Orioles,,-102,0.0,,,C,10,46,56,3493,False,False,1.4,False,-0.04081654710795546,0.4843401593811314,0.48481227884747946,pinnacle,26,102,-111,,,,,,,,,,,,,,,,,,,,0.3,,,,,,,,,,,,,,,,,,,-105,0.4878853750540398,0.48821509495666804,pinnacle,,2026-08-11T22:11:25.552042+00:00,1,,1.43,-3.38,-3.31,True,True,sharp,7.61,loss,,-0.0,2026-07-21.v14-suppressfix1,08024ab4d6a4704a87dcd8fa1253890c
2026-08-11,2026-08-11T16:04:07.554961+00:00,2026-08-11T23:41:00Z,mlb,Cincinnati Reds,Chicago White Sox,Moneyline,Cincinnati Reds,,136,0.0,,,A,22,22,44,4321,True,False,1.0,False,-0.04210738582890716,0.40588670091995455,0.40856031128404674,pinnacle,26,140,-152,,,,,,,,,,,,,,,,,,,,0.3,,,,,,,,,,,,,,,,,,,123,0.42320754171793473,0.4259645555419216,pinnacle,,2026-08-12T03:51:09.982671+00:00,3,,5.83,-0.12,0.53,True,True,sharp,7.61,win,,0.0,2026-07-21.v14-suppressfix1,bd7e76db673b0ad81d62b744ba2d18d1
2026-08-11,2026-08-11T16:04:07.554961+00:00,2026-08-11T23:46:00Z,mlb,Philadelphia Phillies,St. Louis Cardinals,Moneyline,St. Louis Cardinals,,141,0.0,,,D,8,17,25,4129,True,False,1.0,False,-0.05483503577744475,0.3921846324574918,0.39528684800387714,pinnacle,26,148,-161,,,,,,,,,,,,,,,,,,,,0.3,,,,,,,,,,,,,,,,,,,138,0.40095705850109853,0.4037045832343862,pinnacle,,2026-08-11T22:11:25.552052+00:00,1,,1.26,-3.37,-2.71,True,True,sharp,7.7,loss,,-0.0,2026-07-21.v14-suppressfix1,fc1d0b97ed35a31e5f1f60df77f6b377
2026-08-11,2026-08-11T16:04:07.554961+00:00,2026-08-12T01:39:00Z,mlb,Texas Rangers,Los Angeles Angels,Moneyline,Texas Rangers,,-145,0.0,,,D,8,80,88,2670,False,False,1.4,False,-0.036374668821976375,0.5703088694727079,0.5682618002394515,pinnacle,26,-138,127,,,,,,,,,,,,,,,,,,,,0.3,,,,,,,,,,,,,,,,,,,-157,0.5873468745904644,0.5847843557460487,pinnacle,,2026-08-11T22:11:25.552058+00:00,1,,3.22,-0.76,-1.19,True,True,sharp,9.58,win,,0.0,2026-07-21.v14-suppressfix1,bbf1e6cb506f7bad49e73490f15d2a14
2026-08-11,2026-08-11T16:04:07.554961+00:00,2026-08-12T01:41:00Z,mlb,Tampa Bay Rays,Athletics,Moneyline,Tampa Bay Rays,,-186,0.0,,,D,8,90,98,5331,False,True,1.6,False,-0.03906395091072479,0.6249444235335846,0.621395980972721,pinnacle,26,-173,159,,,,,,,,,,,,,,,,,,,,0.3,,,,,,,,,,,,,,,,,,,-186,0.6257004052817147,0.6218916457373114,pinnacle,,2026-08-11T22:11:25.552063+00:00,1,,0.0,-3.79,-4.38,True,True,sharp,9.61,win,,0.0,2026-07-21.v14-suppressfix1,a8daa29e08e678a1372a40bf9b3e2279
2026-08-11,2026-08-11T16:04:07.554961+00:00,2026-08-12T01:41:00Z,mlb,Milwaukee Brewers,San Diego Padres,Moneyline,Milwaukee Brewers,,-123,0.0,,,D,15,75,90,3968,False,True,1.7,False,-0.04006775899737669,0.5294693526606398,0.5286297680076462,pinnacle,26,-117,108,,,,,,,,,,,,,,,,,,,,0.3,,,,,,,,,,,,,,,,,,,-128,0.5382423134840549,0.5371921594907021,pinnacle,,2026-08-11T22:11:25.552069+00:00,1,,1.78,-2.42,-2.61,True,True,sharp,9.61,loss,,-0.0,2026-07-21.v14-suppressfix1,76aa8ee5b6dc041221d46b2517b118e4
2026-08-11,2026-08-11T16:04:07.554961+00:00,2026-08-12T01:46:00Z,mlb,Houston Astros,San Francisco Giants,Moneyline,San Francisco Giants,,156,0.0,,,D,6,15,21,2302,True,False,0.5,False,-0.05607503606772268,0.3687206890360458,0.37258423352185915,pinnacle,26,163,-178,,,,,,,,,,,,,,,,,,,,0.3,,,,,,,,,,,,,,,,,,,156,0.37148899005582675,0.3753263707571802,pinnacle,,2026-08-11T22:11:25.552075+00:00,1,,0.0,-4.9,-3.92,True,True,sharp,9.7,loss,,-0.0,2026-07-21.v14-suppressfix1,d428d967c67e52c95494a607b868366d
2026-08-11,2026-08-11T16:04:07.554961+00:00,2026-08-12T02:11:00Z,mlb,Kansas City Royals,Los Angeles Dodgers,Moneyline,Kansas City Royals,,225,0.0,,,D,8,10,18,3998,True,False,0.9,False,-0.07497686187788088,0.2846225040375751,0.2917889152365259,pinnacle,26,235,-263,,,,,,,,,,,,,,,,,,,,0.3,,,,,,,,,,,,,,,,,,,225,0.2862734796037156,0.2934649183419639,pinnacle,,2026-08-11T22:11:25.552080+00:00,1,,0.0,-6.96,-4.62,True,True,sharp,10.11,loss,,-0.0,2026-07-21.v14-suppressfix1,2e165d36c5dd97967e8e9d1e53290d71
2026-08-11,2026-08-11T22:11:25.590167+00:00,2026-08-11T23:06:00Z,MLB,Seattle Mariners,New York Yankees,Moneyline,Seattle Mariners,,113,1.0,Single sharp signal,sharp,A,43,15,58,14181,True,False,-1.4,False,,0.4502160327047103,0.45166039913249373,pinnacle,26,117,-127,122,126,0.4465,,,,,,,,,,,,,,,,,0.4,118,120,GTbets,,,,,,,,,,0.455,0.45,0.46,-0.0105,polymarket,-0.0105,103,0.45646108390632173,0.45801526717557256,pinnacle,,2026-08-12T03:51:09.982677+00:00,1,,4.93,-2.77,-2.44,True,,,0.91,loss,,-1.0,2026-07-21.v14-suppressfix1,ecc0c12601956f4d4217883a9c7ca7ca
2026-08-11,2026-08-11T22:11:25.590167+00:00,2026-08-11T22:41:00Z,mlb,Cleveland Guardians,Detroit Tigers,Moneyline,Detroit Tigers,,-145,0.0,,,D,21,70,91,10642,False,True,3.4,False,-0.036374668821976375,0.5703088694727079,0.5682618002394515,pinnacle,26,-138,127,,,,,,,,,,,,,,,,,,,,0.4,,,,,,,,,,,,,,,,,,,-131,0.5456384880578706,0.5440238883060285,pinnacle,,2026-08-12T03:51:09.982683+00:00,1,,-4.18,-7.81,-8.08,True,True,sharp,0.49,win,,0.0,2026-07-21.v14-suppressfix1,2acdb349dc48b0b151d3ecf05b134e88
2026-08-11,2026-08-11T22:11:25.590167+00:00,2026-08-11T23:06:00Z,mlb,Seattle Mariners,New York Yankees,Moneyline,Seattle Mariners,,113,0.0,,,A,43,15,58,14181,True,False,-1.4,False,-0.041039850338967176,0.4502160327047103,0.45166039913249373,pinnacle,26,117,-127,,,,,,,,,,,,,,,,,,,,0.4,,,,,,,,,,,,,,,,,,,103,0.45646108390632173,0.45801526717557256,pinnacle,,2026-08-12T03:51:09.982687+00:00,1,,4.93,-2.77,-2.44,True,True,sharp,0.91,loss,,-0.0,2026-07-21.v14-suppressfix1,ecc0c12601956f4d4217883a9c7ca7ca
2026-08-12,2026-08-12T16:02:29.545887+00:00,2026-08-12T17:40:00Z,mlb,Baltimore Orioles,Minnesota Twins,Moneyline,Baltimore Orioles,,-110,0.0,,,C,10,53,63,6214,False,False,1.0,False,-0.04545454545454519,0.5000000000000001,0.5,pinnacle,26,-104,-104,,,,,,,,,,,,,,,,,,,,0.2,,,,,,,,,,,,,,,,,,,-110,0.5000000000000001,0.5,pinnacle,,2026-08-12T16:02:29.545887+00:00,0,,0.0,-4.55,-4.55,False,True,sharp,1.62,loss,,-0.0,2026-07-21.v14-suppressfix1,382fb88aee61d73f9cc4f47fabd2c7e7
2026-08-12,2026-08-12T16:02:29.545887+00:00,2026-08-12T18:15:00Z,mlb,Philadelphia Phillies,St. Louis Cardinals,Moneyline,St. Louis Cardinals,,142,0.0,,,D,6,18,24,8820,True,False,1.3,False,-0.0546577049110506,0.39063731202022706,0.39375995671646274,pinnacle,26,149,-162,,,,,,,,,,,,,,,,,,,,0.2,,,,,,,,,,,,,,,,,,,142,0.39063731202022706,0.39375995671646274,pinnacle,,2026-08-12T16:02:29.545887+00:00,0,,0.0,-5.47,-4.71,False,True,sharp,2.21,win,,0.0,2026-07-21.v14-suppressfix1,99d0aa9944cae60f4cd020c7b883b0e9
2026-08-12,2026-08-12T16:02:29.545887+00:00,2026-08-12T19:06:00Z,mlb,Tampa Bay Rays,Athletics,Moneyline,Tampa Bay Rays,,-225,0.0,,,D,6,91,97,7305,False,True,1.6,False,-0.03025338736107175,0.671363039519258,0.6659872584276857,pinnacle,26,-213,193,,,,,,,,,,,,,,,,,,,,0.2,,,,,,,,,,,,,,,,,,,-225,0.671363039519258,0.6659872584276857,pinnacle,,2026-08-12T16:02:29.545887+00:00,0,,0.0,-3.03,-3.8,False,True,sharp,3.06,win,,0.0,2026-07-21.v14-suppressfix1,faaf742bd19eafaaa516aa4e78fa3900
2026-08-12,2026-08-12T16:02:29.545887+00:00,2026-08-12T20:10:00Z,mlb,Milwaukee Brewers,San Diego Padres,Moneyline,San Diego Padres,,-102,0.0,,,D,8,52,60,5205,False,False,0.7,False,-0.043216121470791125,0.4831284931187094,0.4835789425434877,pinnacle,26,103,-111,,,,,,,,,,,,,,,,,,,,0.2,,,,,,,,,,,,,,,,,,,-102,0.4831284931187094,0.4835789425434877,pinnacle,,2026-08-12T16:02:29.545887+00:00,0,,0.0,-4.32,-4.23,False,True,sharp,4.12,win,,0.0,2026-07-21.v14-suppressfix1,08b25f6a0f8cef91660f3825d3a5a34e
2026-08-12,2026-08-12T16:02:29.545887+00:00,2026-08-12T22:40:00Z,mlb,Cleveland Guardians,Detroit Tigers,Moneyline,Cleveland Guardians,,107,0.0,,,B,13,33,46,4513,True,False,1.2,False,-0.046368906759531425,0.46069134939153067,0.461884154460719,pinnacle,26,112,-122,,,,,,,,,,,,,,,,,,,,0.2,,,,,,,,,,,,,,,,,,,107,0.46284579925537983,0.463983540131427,pinnacle,,2026-08-12T22:09:56.396885+00:00,1,,0.0,-4.19,-3.96,True,True,sharp,6.62,loss,,-0.0,2026-07-21.v14-suppressfix1,e2e25c66df409559d9d80cd2f5c0583e
2026-08-12,2026-08-12T16:02:29.545887+00:00,2026-08-12T22:41:00Z,mlb,Pittsburgh Pirates,Miami Marlins,Moneyline,Pittsburgh Pirates,,-106,0.0,,,C,10,39,49,3301,False,False,1.3,False,-0.047153892567945,0.4902994533388244,0.4905660377358491,pinnacle,26,100,-108,,,,,,,,,,,,,,,,,,,,0.2,,,,,,,,,,,,,,,,,,,104,0.46830600245237236,0.46920063707976417,pinnacle,,2026-08-12T22:09:56.396892+00:00,1,,-4.74,-8.99,-8.82,True,True,sharp,6.64,loss,,-0.0,2026-07-21.v14-suppressfix1,f6f17db1f13670f04ec571027601d33c
2026-08-12,2026-08-12T16:02:29.545887+00:00,2026-08-12T23:07:00Z,mlb,Boston Red Sox,Toronto Blue Jays,Moneyline,Boston Red Sox,,-124,0.0,,,D,21,62,83,3796,False,False,1.3,False,-0.035539991258472736,0.5338975048390597,0.5329494561740244,pinnacle,26,-119,110,,,,,,,,,,,,,,,,,,,,0.2,,,,,,,,,,,,,,,,,,,-165,0.6023987609516234,0.5986798270759409,pinnacle,,2026-08-13T03:54:46.352319+00:00,2,,12.48,8.82,8.15,True,True,sharp,7.07,loss,,-0.0,2026-07-21.v14-suppressfix1,275215c7903b36c511b863b276f1010b
2026-08-12,2026-08-12T16:02:29.545887+00:00,2026-08-12T23:15:00Z,mlb,New York Mets,Atlanta Braves,Moneyline,New York Mets,,155,0.0,,,C,9,28,37,3306,True,True,1.7,False,-0.05624598905728295,0.37009961213439885,0.373950373950374,pinnacle,26,162,-177,,,,,,,,,,,,,,,,,,,,0.2,,,,,,,,,,,,,,,,,,,157,0.36526899350999625,0.3694208900282653,pinnacle,,2026-08-12T22:09:56.396903+00:00,1,,-0.78,-6.86,-5.8,True,True,sharp,7.21,loss,,-0.0,2026-07-21.v14-suppressfix1,19261384ae25b556afee649a8ebe7008
2026-08-12,2026-08-12T16:02:29.545887+00:00,2026-08-12T23:40:00Z,mlb,Cincinnati Reds,Chicago White Sox,Moneyline,Cincinnati Reds,,127,0.0,,,C,9,23,32,4240,True,True,1.9,False,-0.04934874001787304,0.41878910131371233,0.421038100496963,pinnacle,26,133,-144,,,,,,,,,,,,,,,,,,,,0.2,,,,,,,,,,,,,,,,,,,128,0.41878910131371233,0.421038100496963,pinnacle,,2026-08-12T22:09:56.396909+00:00,1,,-0.44,-4.93,-4.42,True,True,sharp,7.62,win,,0.0,2026-07-21.v14-suppressfix1,e7c0a434cffb5f56a2446383ebb2e3ad
2026-08-12,2026-08-12T16:02:29.545887+00:00,2026-08-13T02:10:00Z,mlb,Kansas City Royals,Los Angeles Dodgers,Moneyline,Kansas City Royals,,176,0.0,,,B,18,11,29,3407,True,False,0.8,False,-0.06642991734016501,0.3382500299492156,0.34334763948497854,pinnacle,26,185,-204,,,,,,,,,,,,,,,,,,,,0.2,,,,,,,,,,,,,,,,,,,195,0.3205869332163735,0.32621951219512196,pinnacle,,2026-08-12T23:22:50.711030+00:00,2,,-6.44,-11.52,-9.96,True,True,sharp,10.12,loss,,-0.0,2026-07-21.v14-suppressfix1,b0c3869f276e1d63fbbce0cfdcbf8f1c
2026-08-12,2026-08-12T16:02:29.545887+00:00,2026-08-13T02:11:00Z,mlb,Texas Rangers,Los Angeles Angels,Moneyline,Texas Rangers,,-136,0.0,,,D,12,81,93,3089,False,True,1.6,False,-0.03892361499564223,0.553840628646579,0.5523059177728685,pinnacle,26,-129,119,,,,,,,,,,,,,,,,,,,,0.2,,,,,,,,,,,,,,,,,,,-155,0.5873468745904644,0.5847843557460487,pinnacle,,2026-08-13T16:02:26.488778+00:00,3,,5.48,1.92,1.48,True,True,sharp,10.14,loss,,-0.0,2026-07-21.v14-suppressfix1,746e8bca45aba61663687aab5e41ca8f
2026-08-12,2026-08-12T22:09:56.436007+00:00,2026-08-12T22:45:00Z,mlb,Chicago Cubs,Washington Nationals,Moneyline,Chicago Cubs,,-164,0.0,,,D,11,80,91,9622,False,True,4.9,False,-0.036939069811905645,0.5982651232986647,0.5953023329630217,pinnacle,26,-155,142,,,,,,,,,,,,,,,,,,,,0.3,,,,,,,,,,,,,,,,,,,-164,0.5982651232986647,0.5953023329630217,pinnacle,,2026-08-12T22:09:56.436007+00:00,0,,0.0,-3.69,-4.17,False,True,sharp,0.58,win,,0.0,2026-07-21.v14-suppressfix1,ef65849259f26e9d34360ce6755ee236
2026-08-12,2026-08-12T22:09:56.436007+00:00,2026-08-12T23:05:00Z,mlb,Seattle Mariners,New York Yankees,Moneyline,New York Yankees,,-140,0.0,,,D,14,77,91,11571,False,False,-1.2,False,-0.037023106084655644,0.5617365214506175,0.5600370097622689,pinnacle,26,-133,123,,,,,,,,,,,,,,,,,,,,0.3,,,,,,,,,,,,,,,,,,,-140,0.5617365214506175,0.5600370097622689,pinnacle,,2026-08-12T22:09:56.436007+00:00,0,,0.0,-3.7,-3.99,False,True,sharp,0.92,win,,0.0,2026-07-21.v14-suppressfix1,0472808610b7bdd2a94311cb114e3c4a
2026-08-13,2026-08-13T16:02:26.519221+00:00,2026-08-13T17:11:00Z,mlb,Cincinnati Reds,Chicago White Sox,Moneyline,Chicago White Sox,,-135,0.0,,,D,10,73,83,5659,False,True,1.7,False,-0.03942171705780273,0.5518215667965815,0.5503313348059325,pinnacle,25,-128,118,,,,,,,,,,,,,,,,,,,,0.3,,,,,,,,,,,,,,,,,,,-135,0.5518215667965815,0.5503313348059325,pinnacle,,2026-08-13T16:02:26.519221+00:00,0,,0.0,-3.94,-4.2,False,True,sharp,1.14,loss,,-0.0,2026-07-21.v14-suppressfix1,7d03df008d15f138b3726ef4b85c983f
2026-08-13,2026-08-13T16:02:26.519221+00:00,2026-08-13T17:11:00Z,mlb,Pittsburgh Pirates,Miami Marlins,Moneyline,Miami Marlins,,104,0.0,,,D,7,57,64,7290,False,False,1.0,False,-0.044655754997160346,0.46830600245237236,0.46920063707976417,pinnacle,26,109,-118,,,,,,,,,,,,,,,,,,,,0.3,,,,,,,,,,,,,,,,,,,104,0.46830600245237236,0.46920063707976417,pinnacle,,2026-08-13T16:02:26.519221+00:00,0,,0.0,-4.47,-4.28,False,True,sharp,1.14,loss,,-0.0,2026-07-21.v14-suppressfix1,7f3d422253cc0ea2296a6cb920fc2186
2026-08-13,2026-08-13T16:02:26.519221+00:00,2026-08-13T20:06:00Z,mlb,Chicago Cubs,Washington Nationals,Moneyline,Washington Nationals,,127,0.0,,,B,18,24,42,5477,True,False,0.4,False,-0.04934874001787304,0.41878910131371233,0.421038100496963,pinnacle,26,133,-144,,,,,,,,,,,,,,,,,,,,0.3,,,,,,,,,,,,,,,,,,,127,0.41878910131371233,0.421038100496963,pinnacle,,2026-08-13T16:02:26.519221+00:00,0,,0.0,-4.93,-4.42,False,True,sharp,4.06,win,,0.0,2026-07-21.v14-suppressfix1,41d927261a15c8d84075af83997d53c1
2026-08-13,2026-08-13T16:02:26.519221+00:00,2026-08-14T02:08:00Z,mlb,Texas Rangers,Los Angeles Angels,Moneyline,Los Angeles Angels,,130,0.0,,,D,6,35,41,4064,True,False,0.8,False,-0.05089781155806827,0.4126531254095356,0.4152156442539512,pinnacle,26,136,-148,,,,,,,,,,,,,,,,,,,,0.3,,,,,,,,,,,,,,,,,,,127,0.419651299042675,0.42208690838638246,pinnacle,,2026-08-13T23:23:47.088719+00:00,2,,1.32,-3.48,-2.92,True,True,sharp,10.09,win,,0.0,2026-07-21.v14-suppressfix1,f9b96108d4bae8b60bcda1e87549bedc
2026-08-13,2026-08-13T16:02:26.519221+00:00,2026-08-14T02:10:00Z,mlb,Milwaukee Brewers,Los Angeles Dodgers,Moneyline,Milwaukee Brewers,,124,0.0,,,D,7,24,31,5245,True,False,0.9,False,-0.045773444116477324,0.4259939981622869,0.4281127363539065,pinnacle,26,129,-140,,,,,,,,,,,,,,,,,,,,0.3,,,,,,,,,,,,,,,,,,,153,0.3728889434166733,0.3767123287671233,pinnacle,,2026-08-14T15:56:48.308070+00:00,3,,-11.46,-16.47,-15.62,True,True,sharp,10.13,win,,0.0,2026-07-21.v14-suppressfix1,4071566704903e79a0090ba8e886f060
2026-08-13,2026-08-13T22:09:43.396033+00:00,2026-08-13T23:30:00Z,mlb,Philadelphia Phillies,Minnesota Twins,Moneyline,Minnesota Twins,,-112,0.0,,,D,6,43,49,18660,False,False,1.2,False,-0.05357142857142838,0.5000000000000001,0.5,pinnacle,26,-104,-104,,,,,,,,,,,,,,,,,,,,0.2,,,,,,,,,,,,,,,,,,,-113,0.5060393684721062,0.5058509642389065,pinnacle,,2026-08-13T23:23:47.088728+00:00,1,,0.42,-4.21,-4.25,True,True,sharp,1.34,loss,,-0.0,2026-07-21.v14-suppressfix1,9fa039b0c801332ed857fb145a2926b9
2026-08-13,2026-08-13T22:09:43.396033+00:00,2026-08-29T16:00:00Z,ncaaf,North Carolina Tar Heels,TCU Horned Frogs,Moneyline,North Carolina Tar Heels,,265,0.0,,,C,12,8,20,4821,True,True,2.0,False,-0.09929772530311909,0.24676774649229616,0.26387140505471096,pinnacle,16,262,-336,,,,,,,,,,,,,,,,,,,,0.3,,,,,,,,,,,,,,,,,,,265,0.24676774649229616,0.26387140505471096,pinnacle,,2026-08-16T22:57:15.250336+00:00,13,,0.0,-9.93,-3.69,True,True,sharp,377.84,win,,0.0,2026-07-21.v14-suppressfix1,2c288580da16e12d35355f2548721be6
2026-08-14,2026-08-14T15:56:48.333225+00:00,2026-08-14T23:11:00Z,MLB,San Diego Padres,Cleveland Guardians,Moneyline,San Diego Padres,,112,1.0,Single sharp signal,sharp,A,28,52,80,5154,False,True,1.6,False,,0.446159371353421,0.44769408222713136,pinnacle,26,119,-129,120,122,0.4525,,,,,,,,,,,,,,,,,0.2,117,119,GTbets,,,,,,,,,,0.445,0.43,0.46,0.0026,polymarket,0.0026,100,0.4738900947376983,0.47456130669903984,pinnacle,,2026-08-14T22:59:27.780933+00:00,2,,6.0,0.46,0.61,True,,,7.24,win,,1.12,2026-07-21.v14-suppressfix1,5cda557da650854853e0c90e63ff83d9
2026-08-14,2026-08-14T15:56:48.333225+00:00,2026-08-14T23:16:00Z,MLB,Arizona Diamondbacks,Atlanta Braves,Moneyline,Arizona Diamondbacks,,161,1.0,Single sharp signal,sharp,A,22,26,48,3508,True,False,0.3,False,,0.3597649011059047,0.3650052779508833,pinnacle,26,167,-187,176,180,0.3597,,,,,,,,,,,,,,,,,0.2,169,176,FanDuel,,,,,,,,,,0.365,0.36,0.37,-0.0143,polymarket,-0.0143,109,0.43726898436924144,0.43949878436506445,pinnacle,,2026-08-15T02:38:48.525404+00:00,3,,24.88,14.13,14.71,True,,,7.32,win,,1.61,2026-07-21.v14-suppressfix1,66a0764c4800d42e293b62bbfed0c01f
2026-08-14,2026-08-14T15:56:48.333225+00:00,2026-08-14T18:20:00Z,mlb,St. Louis Cardinals,Chicago Cubs,Moneyline,St. Louis Cardinals,,159,0.0,,,C,9,16,25,7881,True,False,1.2,False,-0.0643182830241924,0.3612670721914315,0.36545192505661933,pinnacle,26,168,-184,,,,,,,,,,,,,,,,,,,,0.2,,,,,,,,,,,,,,,,,,,145,0.3787966393327218,0.3870203676259216,consensus,,2026-08-14T21:49:14.549613+00:00,1,,5.71,-1.89,0.24,True,True,sharp,2.39,loss,,-0.0,2026-07-21.v14-suppressfix1,f3659cdd72f761a2763f92483ca59b6e
2026-08-14,2026-08-14T15:56:48.333225+00:00,2026-08-14T22:11:00Z,mlb,Miami Marlins,Cincinnati Reds,Moneyline,Cincinnati Reds,,-118,0.0,,,D,11,55,66,5553,False,True,1.7,False,-0.045101792371852856,0.5168715068812907,0.5164210574565122,pinnacle,26,-111,103,,,,,,,,,,,,,,,,,,,,0.2,,,,,,,,,,,,,,,,,,,-114,0.5096281274415075,0.5092984332140034,pinnacle,,2026-08-15T02:38:48.525412+00:00,2,,-1.58,-5.85,-5.91,True,True,sharp,6.24,win,,0.0,2026-07-21.v14-suppressfix1,2124d4bb5569819a30020e5b907ca202
2026-08-14,2026-08-14T15:56:48.333225+00:00,2026-08-14T23:11:00Z,mlb,Baltimore Orioles,Tampa Bay Rays,Moneyline,Tampa Bay Rays,,-165,0.0,,,D,6,80,86,2711,False,True,2.0,False,-0.03251108089587773,0.6023987609516234,0.5986798270759409,pinnacle,23,-159,143,,,,,,,,,,,,,,,,,,,,0.2,,,,,,,,,,,,,,,,,,,-138,0.5767924582820653,0.5740354444580784,pinnacle,,2026-08-15T02:38:48.525418+00:00,3,,-6.88,-7.36,-7.81,True,True,sharp,7.24,loss,,-0.0,2026-07-21.v14-suppressfix1,f1e49b28e98e693eaa5d5a27c58ece19
2026-08-14,2026-08-14T15:56:48.333225+00:00,2026-08-14T23:11:00Z,mlb,San Diego Padres,Cleveland Guardians,Moneyline,San Diego Padres,,112,0.0,,,A,28,52,80,5154,False,True,1.6,False,-0.054142132730747417,0.446159371353421,0.44769408222713136,pinnacle,26,119,-129,,,,,,,,,,,,,,,,,,,,0.2,,,,,,,,,,,,,,,,,,,100,0.4738900947376983,0.47456130669903984,pinnacle,,2026-08-14T22:59:27.780953+00:00,2,,6.0,0.46,0.61,True,True,sharp,7.24,win,,0.0,2026-07-21.v14-suppressfix1,5cda557da650854853e0c90e63ff83d9
2026-08-14,2026-08-14T15:56:48.333225+00:00,2026-08-14T23:11:00Z,mlb,Washington Nationals,New York Mets,Moneyline,Washington Nationals,,102,0.0,,,B,16,45,61,3453,False,False,1.4,False,-0.044990987228887946,0.4727767389956,0.473559589581689,pinnacle,26,107,-116,,,,,,,,,,,,,,,,,,,,0.2,,,,,,,,,,,,,,,,,,,126,0.4262096377409056,0.4324257027635643,consensus,,2026-08-15T02:38:48.525424+00:00,3,,-10.62,-13.91,-12.65,True,True,sharp,7.24,loss,,-0.0,2026-07-21.v14-suppressfix1,fb9bb261d69e161466f242e153b1044f
2026-08-14,2026-08-14T15:56:48.333225+00:00,2026-08-14T23:16:00Z,mlb,Arizona Diamondbacks,Atlanta Braves,Moneyline,Arizona Diamondbacks,,161,0.0,,,A,22,26,48,3508,True,False,0.3,False,-0.06101360811358858,0.3597649011059047,0.3650052779508833,pinnacle,26,167,-187,,,,,,,,,,,,,,,,,,,,0.2,,,,,,,,,,,,,,,,,,,109,0.43726898436924144,0.43949878436506445,pinnacle,,2026-08-15T02:38:48.525429+00:00,3,,24.88,14.13,14.71,True,True,sharp,7.32,win,,0.0,2026-07-21.v14-suppressfix1,66a0764c4800d42e293b62bbfed0c01f
2026-08-14,2026-08-14T15:56:48.333225+00:00,2026-08-14T23:16:00Z,mlb,New York Yankees,Toronto Blue Jays,Moneyline,New York Yankees,,-155,0.0,,,D,7,75,82,3559,False,True,2.1,False,-0.049689916735170314,0.5776394623766612,0.5754534928598997,pinnacle,26,-142,131,,,,,,,,,,,,,,,,,,,,0.2,,,,,,,,,,,,,,,,,,,-153,0.581210898686288,0.578961899503037,pinnacle,,2026-08-14T22:59:27.780968+00:00,2,,-0.51,-4.38,-4.75,True,True,sharp,7.32,loss,,-0.0,2026-07-21.v14-suppressfix1,9f51cc216a43c5a0e0e91078754fffb5
2026-08-14,2026-08-14T15:56:48.333225+00:00,2026-08-15T00:11:00Z,mlb,Seattle Mariners,Houston Astros,Moneyline,Seattle Mariners,,107,0.0,,,D,8,28,36,3135,True,False,1.2,False,-0.0485953018186881,0.4596157962228559,0.46071473041962396,pinnacle,26,113,-122,,,,,,,,,,,,,,,,,,,,0.2,,,,,,,,,,,,,,,,,,,105,0.4661024951609403,0.4670505438259757,pinnacle,,2026-08-15T15:27:00.512306+00:00,3,,0.98,-3.52,-3.32,True,True,sharp,8.24,loss,,-0.0,2026-07-21.v14-suppressfix1,460030cd885edbe6318ada07a319efb4
2026-08-14,2026-08-14T15:56:48.333225+00:00,2026-08-15T01:39:00Z,mlb,Kansas City Royals,Los Angeles Angels,Moneyline,Kansas City Royals,,-113,0.0,,,C,10,54,64,2736,False,False,1.0,False,-0.043809535580379366,0.5072747534244936,0.5070731362286036,pinnacle,26,-107,-101,,,,,,,,,,,,,,,,,,,,0.2,,,,,,,,,,,,,,,,,,,130,0.40924167770986547,0.41186161449752884,pinnacle,,2026-08-15T15:27:00.512314+00:00,3,,-18.05,-22.86,-22.37,True,True,sharp,9.7,win,,0.0,2026-07-21.v14-suppressfix1,9d19aea6561484f2c862df00e4ddb562
2026-08-14,2026-08-14T15:56:48.333225+00:00,2026-08-15T01:41:00Z,mlb,Texas Rangers,Athletics,Moneyline,Texas Rangers,,-112,0.0,,,D,13,70,83,2241,False,True,1.8,False,-0.04478732613973746,0.5046406578884406,0.5043297540699688,consensus,22,,,,,,,,,,,,,,,,,,,,,,,,,,,,,,,,,,,,,,,,,-143,0.5674758139645952,0.5656654888103652,pinnacle,,2026-08-15T15:27:00.512321+00:00,3,,11.39,7.42,7.07,True,True,sharp,9.74,loss,,-0.0,2026-07-21.v14-suppressfix1,4b621a87fe0138b2a12b8254e1682be6
2026-08-14,2026-08-14T15:56:48.333225+00:00,2026-08-15T02:11:00Z,mlb,Milwaukee Brewers,Los Angeles Dodgers,Moneyline,Milwaukee Brewers,,153,0.0,,,C,12,19,31,3024,True,False,0.7,False,-0.056590973155816515,0.3728889434166733,0.3767123287671233,pinnacle,26,160,-175,,,,,,,,,,,,,,,,,,,,0.2,,,,,,,,,,,,,,,,,,,151,0.37715349080010147,0.3809310402778556,pinnacle,,2026-08-14T21:49:14.549666+00:00,1,,0.8,-4.58,-3.62,True,True,sharp,10.24,win,,0.0,2026-07-21.v14-suppressfix1,481f3fef3aca60dd9a1d5f67af61fdef
2026-08-14,2026-08-14T15:56:48.333225+00:00,2026-08-15T02:16:00Z,mlb,Colorado Rockies,San Francisco Giants,Moneyline,San Francisco Giants,,-133,0.0,,,D,16,72,88,3140,False,False,0.8,False,-0.03864734265867287,0.548754950327882,0.5474750710824556,pinnacle,26,-126,117,,,,,,,,,,,,,,,,,,,,0.2,,,,,,,,,,,,,,,,,,,-170,0.6078153675425083,0.6047131519961229,pinnacle,,2026-08-15T15:27:00.512328+00:00,3,,10.3,6.48,5.94,True,True,sharp,10.32,loss,,-0.0,2026-07-21.v14-suppressfix1,e390cc4f170e6f93279b33d776a6b2a4
2026-08-14,2026-08-14T21:49:14.590902+00:00,2026-08-14T22:41:00Z,MLB,Boston Red Sox,Pittsburgh Pirates,Moneyline,Pittsburgh Pirates,,-103,1.0,Single sharp signal,sharp,A,24,27,51,12677,True,False,1.2,False,,0.4738900947376983,0.47456130669903984,pinnacle,26,107,-115,108,112,0.4762,,,,,,,,,,,,,,,,,0.1,107,108,GTbets,,,,,,,,,,0.47,0.46,0.48,0.0083,polymarket,0.0083,106,0.4694832098992012,0.47063374379472633,pinnacle,,2026-08-15T02:38:48.525445+00:00,1,,-4.33,-7.47,-7.24,True,,,0.86,win,,0.97,2026-07-21.v14-suppressfix1,f444fb112bf67217921f1e1644fd0caa
2026-08-14,2026-08-14T21:49:14.590902+00:00,2026-08-14T23:11:00Z,MLB,Washington Nationals,New York Mets,Moneyline,Washington Nationals,,101,1.0,Single sharp signal,sharp,A,30,42,72,8603,False,False,1.2,False,,0.47504459274561833,0.47576897543704366,pinnacle,26,106,-115,108,112,0.4762,,,,,,,,,,,,,,,,,0.1,106,107,GTbets,,,,,,,,,,0.455,0.44,0.47,0.0441,polymarket,0.0441,126,0.4262096377409056,0.4324257027635643,consensus,,2026-08-15T02:38:48.525450+00:00,2,,-11.06,-14.33,-13.08,True,,,1.36,loss,,-1.0,2026-07-21.v14-suppressfix1,fb9bb261d69e161466f242e153b1044f
2026-08-14,2026-08-14T21:49:14.590902+00:00,2026-08-15T01:39:00Z,MLB,Kansas City Royals,Los Angeles Angels,Moneyline,Los Angeles Angels,,-108,1.0,Single sharp signal,sharp,A,35,46,81,6906,False,False,-7.4,False,,0.4951504768893307,0.49528568734678485,pinnacle,26,-102,-106,100,104,0.4951,,,,,,,,,,,,,,,,,0.1,-101,100,FanDuel,,,,,,,,,,0.565,0.56,0.57,-0.1236,betonline,-0.0146,-155,0.5907583222901348,0.5881383855024712,pinnacle,,2026-08-15T15:27:00.512334+00:00,2,,17.07,13.78,13.27,True,,,3.83,loss,,-1.0,2026-07-21.v14-suppressfix1,9d19aea6561484f2c862df00e4ddb562
2026-08-14,2026-08-14T21:49:14.590902+00:00,2026-08-14T22:41:00Z,mlb,Boston Red Sox,Pittsburgh Pirates,Moneyline,Pittsburgh Pirates,,-103,0.0,,,A,24,27,51,12677,True,False,1.2,False,-0.06602243464317714,0.4738900947376983,0.47456130669903984,pinnacle,26,107,-115,,,,,,,,,,,,,,,,,,,,0.1,,,,,,,,,,,,,,,,,,,106,0.4694832098992012,0.47063374379472633,pinnacle,,2026-08-15T02:38:48.525457+00:00,1,,-4.33,-7.47,-7.24,True,True,sharp,0.86,win,,0.0,2026-07-21.v14-suppressfix1,f444fb112bf67217921f1e1644fd0caa
2026-08-15,2026-08-15T15:27:00.554572+00:00,2026-08-15T20:11:00Z,MLB,Washington Nationals,New York Mets,Moneyline,Washington Nationals,,118,1.0,Single sharp signal,sharp,A,30,37,67,4008,False,False,0.7,False,,0.43633337853047266,0.43807098996555344,pinnacle,26,124,-134,126,130,0.4386,,,,,,,,,,,,,,,,,0.3,122,126,DraftKings,,,,,,,,,,0.395,0.39,0.4,0.1046,polymarket,0.1046,118,0.43633337853047266,0.43807098996555344,pinnacle,,2026-08-15T15:27:00.554572+00:00,0,,0.0,-4.88,-4.5,False,,,4.73,loss,,-1.0,2026-07-21.v14-suppressfix1,79741766452af66a44a3ea604d9c3e43
2026-08-15,2026-08-15T15:27:00.554572+00:00,2026-08-15T23:11:00Z,MLB,Philadelphia Phillies,Minnesota Twins,Moneyline,Minnesota Twins,,120,1.0,Single sharp signal,sharp,A,27,18,45,3362,True,False,1.0,False,,0.4334536419793839,0.4354243542435424,pinnacle,26,125,-136,128,130,0.4367,,,,,,,,,,,,,,,,,0.3,119,125,DraftKings,,,,,,,,,,0.495,0.49,0.5,-0.1243,betonline,-0.0507,111,0.45434788721908614,0.45569620253164556,pinnacle,,2026-08-15T21:44:24.576464+00:00,1,,4.27,-0.04,0.25,True,,,7.73,loss,,-1.0,2026-07-21.v14-suppressfix1,4cbeb5e491e3002fdaa00b7006777419
2026-08-15,2026-08-15T15:27:00.554572+00:00,2026-08-16T01:38:00Z,MLB,Kansas City Royals,Los Angeles Angels,Moneyline,Kansas City Royals,,130,1.0,Single sharp signal,sharp,A,38,47,85,2367,False,False,1.4,False,,0.40924167770986547,0.41186161449752884,pinnacle,26,138,-150,138,144,0.415,,,,,,,,,,,,,,,,,0.3,136,139,1xBet,,,,,,,,,,0.525,0.52,0.53,-0.2205,betonline,-0.0342,130,0.4126531254095356,0.4152156442539512,pinnacle,,2026-08-15T21:44:24.576472+00:00,1,,0.0,-5.09,-4.5,True,,,10.18,win,,1.3,2026-07-21.v14-suppressfix1,c7a2e07e8423be48d4f797c2aab365ae
2026-08-15,2026-08-15T15:27:00.554572+00:00,2026-08-15T17:10:00Z,mlb,Chicago White Sox,Detroit Tigers,Moneyline,Detroit Tigers,,-144,0.0,,,D,10,68,78,8310,False,True,1.5,False,-0.04324883021999648,0.5646400346242644,0.5627093412727949,pinnacle,26,-135,124,,,,,,,,,,,,,,,,,,,,0.3,,,,,,,,,,,,,,,,,,,-106,0.5024065753285692,0.5023229882921391,consensus,,2026-08-15T21:44:24.576482+00:00,1,,-12.81,-14.87,-14.88,True,True,sharp,1.72,loss,,-0.0,2026-07-21.v14-suppressfix1,cbbb7f035af8c6962dbaf7ef81ec594f
2026-08-15,2026-08-15T15:27:00.554572+00:00,2026-08-15T19:08:00Z,mlb,New York Yankees,Toronto Blue Jays,Moneyline,Toronto Blue Jays,,144,0.0,,,D,7,27,34,4488,True,False,0.8,False,-0.05430638559311174,0.3875793501667575,0.39074063110532237,pinnacle,26,151,-164,,,,,,,,,,,,,,,,,,,,0.3,,,,,,,,,,,,,,,,,,,144,0.3875793501667575,0.39074063110532237,pinnacle,,2026-08-15T15:27:00.554572+00:00,0,,0.0,-5.43,-4.66,False,True,sharp,3.68,win,,0.0,2026-07-21.v14-suppressfix1,dbbb481a063336e996454ea669238bf7
2026-08-15,2026-08-15T15:27:00.554572+00:00,2026-08-15T20:11:00Z,mlb,Washington Nationals,New York Mets,Moneyline,Washington Nationals,,118,0.0,,,A,30,37,67,4008,False,False,0.7,False,-0.048793234803569674,0.43633337853047266,0.43807098996555344,pinnacle,26,124,-134,,,,,,,,,,,,,,,,,,,,0.3,,,,,,,,,,,,,,,,,,,118,0.43633337853047266,0.43807098996555344,pinnacle,,2026-08-15T15:27:00.554572+00:00,0,,0.0,-4.88,-4.5,False,True,sharp,4.73,loss,,-0.0,2026-07-21.v14-suppressfix1,79741766452af66a44a3ea604d9c3e43
2026-08-15,2026-08-15T15:27:00.554572+00:00,2026-08-15T22:11:00Z,mlb,Baltimore Orioles,Tampa Bay Rays,Moneyline,Tampa Bay Rays,,-153,0.0,,,D,7,73,80,3847,False,True,1.5,False,-0.03740837596668212,0.5821206263916903,0.5796517114180321,pinnacle,26,-145,133,,,,,,,,,,,,,,,,,,,,0.3,,,,,,,,,,,,,,,,,,,-158,0.5873468745904644,0.5847843557460487,pinnacle,,2026-08-15T21:44:24.576495+00:00,1,,1.27,-2.88,-3.3,True,True,sharp,6.73,loss,,-0.0,2026-07-21.v14-suppressfix1,93719cc1bad0db5bf175f542387ea869
2026-08-15,2026-08-15T15:27:00.554572+00:00,2026-08-15T22:41:00Z,mlb,Miami Marlins,Cincinnati Reds,Moneyline,Miami Marlins,,-108,0.0,,,B,14,49,63,3337,False,False,1.1,False,-0.04637685932425184,0.4951504768893307,0.49528568734678485,pinnacle,26,-102,-106,,,,,,,,,,,,,,,,,,,,0.3,,,,,,,,,,,,,,,,,,,-108,0.49637656390595186,0.49649007862223893,pinnacle,,2026-08-15T21:44:24.576502+00:00,1,,0.0,-4.4,-4.38,True,True,sharp,7.23,loss,,-0.0,2026-07-21.v14-suppressfix1,5bab26a4a86845bfbf909f59a676a22a
2026-08-15,2026-08-15T15:27:00.554572+00:00,2026-08-15T23:11:00Z,mlb,San Diego Padres,Cleveland Guardians,Moneyline,San Diego Padres,,101,0.0,,,D,18,63,81,2494,False,False,1.0,False,-0.04290610531586436,0.47616611675827647,0.47678460030300335,pinnacle,26,106,-114,,,,,,,,,,,,,,,,,,,,0.3,,,,,,,,,,,,,,,,,,,-103,0.4843401593811314,0.48481227884747946,pinnacle,,2026-08-15T21:44:24.576509+00:00,1,,1.99,-2.65,-2.55,True,True,sharp,7.73,win,,0.0,2026-07-21.v14-suppressfix1,96401141a6a40b437d7e705946993a7b
2026-08-15,2026-08-15T15:27:00.554572+00:00,2026-08-15T23:11:00Z,mlb,Philadelphia Phillies,Minnesota Twins,Moneyline,Minnesota Twins,,120,0.0,,,A,27,18,45,3362,True,False,1.0,False,-0.0464019876453553,0.4334536419793839,0.4354243542435424,pinnacle,26,125,-136,,,,,,,,,,,,,,,,,,,,0.3,,,,,,,,,,,,,,,,,,,111,0.45434788721908614,0.45569620253164556,pinnacle,,2026-08-15T21:44:24.576515+00:00,1,,4.27,-0.04,0.25,True,True,sharp,7.73,loss,,-0.0,2026-07-21.v14-suppressfix1,4cbeb5e491e3002fdaa00b7006777419
2026-08-15,2026-08-15T15:27:00.554572+00:00,2026-08-15T23:15:00Z,mlb,Arizona Diamondbacks,Atlanta Braves,Moneyline,Arizona Diamondbacks,,114,0.0,,,D,8,35,43,3074,True,False,1.1,False,-0.0452189453036792,0.446159371353421,0.44769408222713136,pinnacle,26,119,-129,,,,,,,,,,,,,,,,,,,,0.3,,,,,,,,,,,,,,,,,,,114,0.44415859256451506,0.44573643410852715,pinnacle,,2026-08-15T21:44:24.576522+00:00,1,,0.0,-4.95,-4.61,True,True,sharp,7.8,win,,0.0,2026-07-21.v14-suppressfix1,d3dfabfdd39cb168285821d91a382724
2026-08-15,2026-08-15T15:27:00.554572+00:00,2026-08-15T23:16:00Z,mlb,Boston Red Sox,Pittsburgh Pirates,Moneyline,Boston Red Sox,,-128,0.0,,,D,17,75,92,4240,False,True,1.8,False,-0.04899506950542487,0.5338975048390597,0.5329494561740244,pinnacle,26,-119,110,,,,,,,,,,,,,,,,,,,,0.3,,,,,,,,,,,,,,,,,,,-126,0.5316939975476279,0.5307993629202359,pinnacle,,2026-08-15T21:44:24.576529+00:00,1,,-0.69,-5.29,-5.45,True,True,sharp,7.82,loss,,-0.0,2026-07-21.v14-suppressfix1,229c4156bb02dc75dc6f247f5380c6ca
2026-08-15,2026-08-15T15:27:00.554572+00:00,2026-08-16T01:38:00Z,mlb,Kansas City Royals,Los Angeles Angels,Moneyline,Kansas City Royals,,130,0.0,,,A,38,47,85,2367,False,False,1.4,False,-0.058744141267309535,0.40924167770986547,0.41186161449752884,pinnacle,26,138,-150,,,,,,,,,,,,,,,,,,,,0.3,,,,,,,,,,,,,,,,,,,130,0.4126531254095356,0.4152156442539512,pinnacle,,2026-08-15T21:44:24.576535+00:00,1,,0.0,-5.09,-4.5,True,True,sharp,10.18,win,,0.0,2026-07-21.v14-suppressfix1,c7a2e07e8423be48d4f797c2aab365ae
2026-08-15,2026-08-15T15:27:00.554572+00:00,2026-08-16T01:40:00Z,mlb,Texas Rangers,Athletics,Moneyline,Athletics,,120,0.0,,,B,23,41,64,2393,False,False,0.5,False,-0.04844679072210878,0.43252418603540504,0.43433451118963484,pinnacle,26,126,-136,,,,,,,,,,,,,,,,,,,,0.3,,,,,,,,,,,,,,,,,,,140,0.39449145166564004,0.397796817625459,pinnacle,,2026-08-15T21:44:24.576543+00:00,1,,-8.33,-13.21,-12.48,True,True,sharp,10.22,win,,0.0,2026-07-21.v14-suppressfix1,1145a9db8d138b13599e168a340ad3c7
2026-08-15,2026-08-15T21:44:24.620841+00:00,2026-08-15T23:11:00Z,MLB,Seattle Mariners,Houston Astros,Moneyline,Seattle Mariners,,105,1.0,Single sharp signal,sharp,A,23,34,57,7739,True,True,2.4,False,,0.4661024951609403,0.4670505438259757,pinnacle,26,110,-119,110,114,0.4717,,,,,,,,,,,,,,,,,0.1,108,111,DraftKings,,,,,,,,,,0.445,0.44,0.45,0.0474,polymarket,0.0474,105,0.4661024951609403,0.4670505438259757,pinnacle,,2026-08-15T22:58:01.844875+00:00,1,,0.0,-4.45,-4.25,True,,,1.44,loss,,-1.0,2026-07-21.v14-suppressfix1,69928d29919a7b30493d93a7e4d73a32
2026-08-15,2026-08-15T21:44:24.620841+00:00,2026-08-15T23:11:00Z,mlb,Seattle Mariners,Houston Astros,Moneyline,Seattle Mariners,,105,0.0,,,A,23,34,57,7739,True,True,2.4,False,-0.04448988492007244,0.4661024951609403,0.4670505438259757,pinnacle,26,110,-119,,,,,,,,,,,,,,,,,,,,0.1,,,,,,,,,,,,,,,,,,,105,0.4661024951609403,0.4670505438259757,pinnacle,,2026-08-15T22:58:01.844879+00:00,1,,0.0,-4.45,-4.25,True,True,sharp,1.44,loss,,-0.0,2026-07-21.v14-suppressfix1,69928d29919a7b30493d93a7e4d73a32
2026-08-15,2026-08-15T21:44:24.620841+00:00,2026-08-15T23:11:00Z,mlb,Philadelphia Phillies,Minnesota Twins,Moneyline,Philadelphia Phillies,,-133,0.0,,,D,8,75,83,10455,False,True,6.2,False,-0.04408314076727082,0.5456521127809141,0.5443037974683544,pinnacle,26,-125,115,,,,,,,,,,,,,,,,,,,,0.1,,,,,,,,,,,,,,,,,,,-134,0.5497839672952899,0.5483396008675064,pinnacle,,2026-08-15T22:58:01.844885+00:00,1,,0.32,-3.68,-3.94,True,True,sharp,1.44,win,,0.0,2026-07-21.v14-suppressfix1,4cbeb5e491e3002fdaa00b7006777419
2026-08-15,2026-08-15T21:44:24.620841+00:00,2026-08-15T23:15:00Z,mlb,Milwaukee Brewers,Los Angeles Dodgers,Moneyline,Milwaukee Brewers,,-125,0.0,,,D,6,46,52,13550,False,True,15.1,False,-0.0389844912896925,0.5338975048390597,0.5329494561740244,pinnacle,26,-119,110,,,,,,,,,,,,,,,,,,,,0.1,,,,,,,,,,,,,,,,,,,145,0.38440922626826496,0.3885860109036074,pinnacle,,2026-08-16T02:47:07.384027+00:00,2,,-26.53,-30.81,-30.05,True,True,sharp,1.51,win,,0.0,2026-07-21.v14-suppressfix1,70b9a39a05a83f14d55b30a01b17396f
2026-08-15,2026-08-15T21:44:24.620841+00:00,2026-08-16T01:40:00Z,mlb,Texas Rangers,Athletics,Moneyline,Texas Rangers,,-168,0.0,,,D,13,60,73,7371,False,True,5.0,False,-0.03406969670471138,0.60550854833436,0.6022031823745411,pinnacle,26,-160,146,,,,,,,,,,,,,,,,,,,,0.1,,,,,,,,,,,,,,,,,,,-170,0.6046833007675896,0.6016242655428061,pinnacle,,2026-08-15T22:58:01.844915+00:00,1,,0.44,-3.54,-4.03,True,True,sharp,3.93,loss,,-0.0,2026-07-21.v14-suppressfix1,1145a9db8d138b13599e168a340ad3c7
2026-08-15,2026-08-15T21:44:24.620841+00:00,2026-09-03T23:00:00Z,ncaaf,Akron Zips,Wake Forest Demon Deacons,Moneyline,Akron Zips,,1000,0.0,,,D,6,2,8,282,True,False,-1.8,False,-0.3651056453245878,0.057717668606855656,0.09039102245902599,pinnacle,12,957,-1985,,,,,,,,,,,,,,,,,,,,0.1,,,,,,,,,,,,,,,,,,,1000,0.051692504498206136,0.08427006618143189,pinnacle,,2026-09-01T18:17:58.035696+00:00,9,,,,,,True,sharp,457.26,,,,2026-07-21.v14-suppressfix1,f089e3d943a34a9c4fe1808568b96529
2026-08-15,2026-08-15T21:44:24.620841+00:00,2026-09-05T16:00:00Z,ncaaf,Liberty Flames,James Madison Dukes,Moneyline,James Madison Dukes,,-245,0.0,,,D,6,93,99,1075,False,True,2.6,False,-0.019343310220746757,0.6964083739012088,0.6839729119638825,pinnacle,14,-250,203,,,,,,,,,,,,,,,,,,,,0.1,,,,,,,,,,,,,,,,,,,-245,0.6939917480754229,0.6817885865727622,pinnacle,,2026-09-01T18:17:58.035724+00:00,9,,,,,,True,sharp,498.26,,,,2026-07-21.v14-suppressfix1,ad4b1c809d35ea03f513ccb45746e998
2026-08-15,2026-08-15T21:44:24.620841+00:00,2026-09-05T19:30:00Z,ncaaf,Tulane Green Wave,Duke Blue Devils,Moneyline,Tulane Green Wave,,280,0.0,,,B,15,5,20,1110,True,False,-0.6,False,-0.10986980789082745,0.23424478739715068,0.2525224860044479,pinnacle,14,278,-361,,,,,,,,,,,,,,,,,,,,0.1,,,,,,,,,,,,,,,,,,,270,0.24545461728640583,0.2629419551141911,pinnacle,,2026-09-01T18:17:58.035734+00:00,9,,,,,,True,sharp,501.76,,,,2026-07-21.v14-suppressfix1,8154373235ce2adf76b37ecd334601fc
2026-08-16,2026-08-16T15:27:14.285862+00:00,2026-08-16T18:11:00Z,MLB,Philadelphia Phillies,Minnesota Twins,Moneyline,Minnesota Twins,,-109,1.5,"Elite sharp signal (no price edge, so not 2u)",sharp,S,32,26,58,4351,True,True,1.6,False,,0.4975753321669121,0.49764317699740745,pinnacle,26,-103,-105,100,106,0.4927,,,,,,,,,,,,,,,,,0.2,-104,-102,FanDuel,,,,,,,,,,0.495,0.49,0.5,0.0052,polymarket,0.0052,-109,0.4975753321669121,0.49764317699740745,pinnacle,,2026-08-16T15:27:14.285862+00:00,0,,0.0,-4.59,-4.58,False,,,2.73,loss,,-1.5,2026-07-21.v14-suppressfix1,1fb92c4b21dd10a8a1075a624ab98438
2026-08-16,2026-08-16T15:27:14.285862+00:00,2026-08-16T20:10:00Z,MLB,Milwaukee Brewers,Los Angeles Dodgers,Moneyline,Milwaukee Brewers,,152,1.0,Single sharp signal,sharp,A,20,23,43,5260,True,False,0.6,False,,0.3728889434166733,0.3767123287671233,pinnacle,26,160,-175,166,170,0.3732,,,,,,,,,,,,,,,,,0.2,158,166,FanDuel,,,,,,,,,,0.375,0.37,0.38,-0.0056,polymarket,-0.0056,152,0.3728889434166733,0.3767123287671233,pinnacle,,2026-08-16T15:27:14.285862+00:00,0,,0.0,-6.03,-5.07,False,,,4.71,win,,1.52,2026-07-21.v14-suppressfix1,4e61a59acf88cd455b2de1e25f9e81e2
2026-08-16,2026-08-16T15:27:14.285862+00:00,2026-08-16T17:36:00Z,mlb,Arizona Diamondbacks,Atlanta Braves,Moneyline,Arizona Diamondbacks,,108,0.0,,,B,14,41,55,5740,False,False,1.4,False,-0.04841276004205086,0.4574938653643986,0.45864012175558383,pinnacle,26,114,-123,,,,,,,,,,,,,,,,,,,,0.2,,,,,,,,,,,,,,,,,,,108,0.4574938653643986,0.45864012175558383,pinnacle,,2026-08-16T15:27:14.285862+00:00,0,,0.0,-4.84,-4.6,False,True,sharp,2.15,loss,,-0.0,2026-07-21.v14-suppressfix1,5284155e4abb961e855f8786e8ad3d51
2026-08-16,2026-08-16T15:27:14.285862+00:00,2026-08-16T17:38:00Z,mlb,New York Yankees,Toronto Blue Jays,Moneyline,New York Yankees,,107,0.0,,,D,8,46,54,7830,False,False,1.0,False,-0.03060657492358909,0.46830600245237236,0.46920063707976417,pinnacle,26,109,-118,,,,,,,,,,,,,,,,,,,,0.2,,,,,,,,,,,,,,,,,,,107,0.46830600245237236,0.46920063707976417,pinnacle,,2026-08-16T15:27:14.285862+00:00,0,,0.0,-3.06,-2.88,False,True,sharp,2.18,win,,0.0,2026-07-21.v14-suppressfix1,43eaf8201a5f300983718f2c0ced6285
2026-08-16,2026-08-16T15:27:14.285862+00:00,2026-08-16T17:41:00Z,mlb,Chicago White Sox,Detroit Tigers,Moneyline,Chicago White Sox,,-104,0.0,,,D,10,55,65,5245,False,False,0.9,False,-0.04299407200938343,0.4878853750540398,0.48821509495666804,pinnacle,26,101,-109,,,,,,,,,,,,,,,,,,,,0.2,,,,,,,,,,,,,,,,,,,-104,0.4878853750540398,0.48821509495666804,pinnacle,,2026-08-16T15:27:14.285862+00:00,0,,0.0,-4.3,-4.23,False,True,sharp,2.23,win,,0.0,2026-07-21.v14-suppressfix1,b9ca059d2c11f42fa007c731af1dd7a2
2026-08-16,2026-08-16T15:27:14.285862+00:00,2026-08-16T17:41:00Z,mlb,Miami Marlins,Cincinnati Reds,Moneyline,Miami Marlins,,-123,0.0,,,D,9,68,77,4967,False,True,2.2,False,-0.04413994143104705,0.5272232610044001,0.526440410418311,pinnacle,26,-116,107,,,,,,,,,,,,,,,,,,,,0.2,,,,,,,,,,,,,,,,,,,-123,0.5272232610044001,0.526440410418311,pinnacle,,2026-08-16T15:27:14.285862+00:00,0,,0.0,-4.41,-4.56,False,True,sharp,2.23,win,,0.0,2026-07-21.v14-suppressfix1,bfdc3a34aa130db7e4155b33b98a7c37
2026-08-16,2026-08-16T15:27:14.285862+00:00,2026-08-16T17:41:00Z,mlb,San Diego Padres,Cleveland Guardians,Moneyline,San Diego Padres,,-118,0.0,,,D,14,65,79,4680,False,False,1.3,False,-0.0538899301845821,0.5121146249459602,0.511784905043332,pinnacle,26,-109,101,,,,,,,,,,,,,,,,,,,,0.2,,,,,,,,,,,,,,,,,,,-118,0.5121146249459602,0.511784905043332,pinnacle,,2026-08-16T15:27:14.285862+00:00,0,,0.0,-5.39,-5.45,False,True,sharp,2.23,win,,0.0,2026-07-21.v14-suppressfix1,35501cb39a66beda8aa7bc5e98bf37ca
2026-08-16,2026-08-16T15:27:14.285862+00:00,2026-08-16T17:41:00Z,mlb,Washington Nationals,New York Mets,Moneyline,Washington Nationals,,141,0.0,,,B,19,21,40,4064,True,False,0.4,False,-0.0472867548498902,0.3953166992324107,0.39837573445719376,pinnacle,26,146,-159,,,,,,,,,,,,,,,,,,,,0.2,,,,,,,,,,,,,,,,,,,141,0.3953166992324107,0.39837573445719376,pinnacle,,2026-08-16T15:27:14.285862+00:00,0,,0.0,-4.73,-3.99,False,True,sharp,2.23,loss,,-0.0,2026-07-21.v14-suppressfix1,3a2403381633c75a1079d5ba12656cac
2026-08-16,2026-08-16T15:27:14.285862+00:00,2026-08-16T18:11:00Z,mlb,Philadelphia Phillies,Minnesota Twins,Moneyline,Minnesota Twins,,-109,0.0,,,S,32,26,58,4351,True,True,1.6,False,-0.045933537404728164,0.4975753321669121,0.49764317699740745,pinnacle,26,-103,-105,,,,,,,,,,,,,,,,,,,,0.2,,,,,,,,,,,,,,,,,,,-109,0.4975753321669121,0.49764317699740745,pinnacle,,2026-08-16T15:27:14.285862+00:00,0,,0.0,-4.59,-4.58,False,True,sharp,2.73,loss,,-0.0,2026-07-21.v14-suppressfix1,1fb92c4b21dd10a8a1075a624ab98438
2026-08-16,2026-08-16T15:27:14.285862+00:00,2026-08-16T19:11:00Z,mlb,St. Louis Cardinals,Chicago Cubs,Moneyline,St. Louis Cardinals,,153,0.0,,,D,8,22,30,4458,True,False,1.4,False,-0.05302202536273759,0.3742995947182855,0.37810835426268874,pinnacle,26,159,-174,,,,,,,,,,,,,,,,,,,,0.2,,,,,,,,,,,,,,,,,,,153,0.3742995947182855,0.37810835426268874,pinnacle,,2026-08-16T15:27:14.285862+00:00,0,,0.0,-5.3,-4.34,False,True,sharp,3.73,win,,0.0,2026-07-21.v14-suppressfix1,4ac1d4b9642e9093871c7d439602a459
2026-08-16,2026-08-16T15:27:14.285862+00:00,2026-08-16T20:07:00Z,mlb,Kansas City Royals,Los Angeles Angels,Moneyline,Kansas City Royals,,-113,0.0,,,D,9,63,72,3291,False,True,2.7,False,-0.043809535580379366,0.5072747534244936,0.5070731362286036,pinnacle,26,-107,-101,,,,,,,,,,,,,,,,,,,,0.2,,,,,,,,,,,,,,,,,,,-113,0.5072747534244936,0.5070731362286036,pinnacle,,2026-08-16T15:27:14.285862+00:00,0,,0.0,-4.38,-4.42,False,True,sharp,4.66,win,,0.0,2026-07-21.v14-suppressfix1,79ee109acafadb327efea9802f800779
2026-08-16,2026-08-16T15:27:14.285862+00:00,2026-08-16T20:10:00Z,mlb,Milwaukee Brewers,Los Angeles Dodgers,Moneyline,Milwaukee Brewers,,152,0.0,,,A,20,23,43,5260,True,False,0.6,False,-0.06031986258998334,0.3728889434166733,0.3767123287671233,pinnacle,26,160,-175,,,,,,,,,,,,,,,,,,,,0.2,,,,,,,,,,,,,,,,,,,152,0.3728889434166733,0.3767123287671233,pinnacle,,2026-08-16T15:27:14.285862+00:00,0,,0.0,-6.03,-5.07,False,True,sharp,4.71,win,,0.0,2026-07-21.v14-suppressfix1,4e61a59acf88cd455b2de1e25f9e81e2
2026-08-16,2026-08-16T15:27:14.285862+00:00,2026-08-16T23:20:00Z,mlb,Seattle Mariners,Houston Astros,Moneyline,Seattle Mariners,,108,0.0,,,C,12,26,38,4326,True,True,1.7,False,-0.03954401204683389,0.46175768651594523,0.4628078405092981,pinnacle,26,112,-121,,,,,,,,,,,,,,,,,,,,0.2,,,,,,,,,,,,,,,,,,,109,0.46175768651594523,0.4628078405092981,pinnacle,,2026-08-16T22:57:15.250374+00:00,2,,-0.48,-3.95,-3.74,True,True,sharp,7.88,win,,0.0,2026-07-21.v14-suppressfix1,48a5944d0473c78bfacde374ade3a3bf
2026-08-16,2026-08-16T15:27:14.285862+00:00,2026-09-06T02:00:00Z,ncaaf,Central Michigan Chippewas,New Mexico Lobos,Moneyline,Central Michigan Chippewas,,390,0.0,,,C,12,2,14,247,True,False,0.5,False,-0.1618687744848739,0.17104718888063797,0.1954602392723796,pinnacle,14,387,-546,,,,,,,,,,,,,,,,,,,,0.3,,,,,,,,,,,,,,,,,,,335,0.1977008741807568,0.21952981715111433,pinnacle,,2026-09-01T18:17:58.035744+00:00,6,,,,,,True,sharp,490.55,,,,2026-07-21.v14-suppressfix1,0434161af1b45c8a61dac5ba00210af1
2026-08-16,2026-08-16T15:27:14.285862+00:00,2026-09-06T02:30:00Z,ncaaf,Western Kentucky Hilltoppers,Nevada Wolf Pack,Moneyline,Western Kentucky Hilltoppers,,-135,0.0,,,D,7,91,98,434,False,True,3.7,False,-0.037877278766858535,0.5527087973041451,0.5498628337390363,pinnacle,15,-133,114,,,,,,,,,,,,,,,,,,,,0.3,,,,,,,,,,,,,,,,,,,-135,0.5506586246734677,0.5478992906695768,pinnacle,,2026-09-01T18:17:58.035750+00:00,6,,,,,,True,sharp,491.05,,,,2026-07-21.v14-suppressfix1,63efb66a308ba1892fb100b7341a76d8
2026-09-01,2026-09-01T00:42:39.641000+00:00,2026-09-15T00:15:00Z,NFL,Denver Broncos,Kansas City Chiefs,Moneyline,Denver Broncos,,130,1.5,"Elite sharp signal (no price edge, so not 2u)",sharp,S,39,22,61,5255,True,True,2.3,False,,0.4204725367909282,0.4238894441189648,pinnacle,24,129,-146,104,162,0.4359,,,,,,,,,,,,,,,,,0.3,122,130,Bovada,,,,,,,,,,,,,,betonline,-0.0666,130,0.4204725367909282,0.4238894441189648,pinnacle,,2026-09-01T18:17:58.035757+00:00,3,,,,,,,,335.54,,,,2026-07-21.v14-suppressfix1,5ad8135dc2b5f27de0b777acd317855a
2026-09-01,2026-09-01T00:42:39.641000+00:00,2026-09-13T20:25:00Z,NFL,Miami Dolphins,Las Vegas Raiders,Moneyline,Miami Dolphins,,165,1.0,Single sharp signal,sharp,A,24,12,36,2872,True,True,2.5,False,,0.3576111175500472,0.36417790904312564,pinnacle,24,166,-191,180,188,0.3522,,,,,,,,,,,,,,,,,0.3,166,166,BetOnline.ag,,,,,,,,,,,,,,betonline,-0.0488,165,0.3576111175500472,0.36417790904312564,pinnacle,,2026-09-01T18:17:58.035763+00:00,3,,,,,,,,307.71,,,,2026-07-21.v14-suppressfix1,c5d95f48a16849ab6bebc68fbbfcb74a
2026-09-01,2026-09-01T00:42:39.641000+00:00,2026-09-03T22:00:00Z,NCAAF,UMass Minutemen,Rutgers Scarlet Knights,Spread,UMass Minutemen,29.0,-115,1.0,Single sharp signal,sharp,A,31,3,34,3367,True,False,-0.5,False,,0.5188460422087344,0.517857142857143,pinnacle,8,-116,100,,,,,,,,,,,,,,,,,,,,0.3,-115,-110,BetMGM,,,,,,,,,,,,,,betonline,-0.03,-115,0.5188460422087344,0.517857142857143,pinnacle,29.0,2026-09-01T00:42:39.641000+00:00,0,,,,,,,,69.29,,,,2026-07-21.v14-suppressfix1,e564afb0a5ab84ab43befa56bdb90522
2026-09-01,2026-09-01T00:42:39.641000+00:00,2026-09-04T00:00:00Z,NCAAF,Colorado Buffaloes,Georgia Tech Yellow Jackets,Moneyline,Colorado Buffaloes,,215,1.0,Single sharp signal,sharp,A,71,8,79,9648,True,False,1.1,False,,0.293395854912599,0.30670181486363174,pinnacle,19,212,-263,,,,,,,,,,,,,,,,,,,,0.3,215,225,William Hill,,,,,,,,,,,,,,betonline,-0.0758,210,0.2970428468374229,0.3098976818268382,pinnacle,,2026-09-01T18:17:58.035773+00:00,3,,,,,,,,71.29,,,,2026-07-21.v14-suppressfix1,1d6daad1c93bf7e5ae16be1db12e27d5
2026-09-01,2026-09-01T00:42:39.641000+00:00,2026-09-04T22:30:00Z,NCAAF,San Jose State Spartans,Eastern Michigan Eagles,Moneyline,San Jose State Spartans,,130,1.0,Single sharp signal,sharp,A,40,15,55,4382,True,False,1.3,False,,0.4099369109930233,0.4149040026033192,pinnacle,20,132,-155,,,,,,,,,,,,,,,,,,,,0.3,140,150,Unibet (NL),,,,,,,,,,,,,,betonline,-0.0162,130,0.4133974319160126,0.4182509505703422,pinnacle,,2026-09-01T18:17:58.035780+00:00,3,,,,,,,,93.79,,,,2026-07-21.v14-suppressfix1,171952045c3039d592807265d36b60d0
2026-09-01,2026-09-01T00:42:39.641000+00:00,2026-09-05T16:00:00Z,NCAAF,Liberty Flames,James Madison Dukes,Moneyline,Liberty Flames,,205,1.0,Single sharp signal,sharp,A,20,6,26,4942,True,False,0.3,False,,0.3050496958655128,0.3172403733955659,pinnacle,17,202,-248,,,,,,,,,,,,,,,,,,,,0.3,211,220,FanDuel,,,,,,,,,,,,,,betonline,-0.0513,205,0.30600825192457715,0.3182114134272378,pinnacle,,2026-09-01T18:17:58.035787+00:00,3,,,,,,,,111.29,,,,2026-07-21.v14-suppressfix1,ad4b1c809d35ea03f513ccb45746e998
2026-09-01,2026-09-01T00:42:39.641000+00:00,2026-09-05T22:00:00Z,NCAAF,Wyoming Cowboys,Colorado State Rams,Moneyline,Wyoming Cowboys,,135,1.0,Single sharp signal,sharp,A,24,8,32,2685,True,True,1.7,False,,0.40153440401221263,0.40720169745381923,pinnacle,16,136,-161,,,,,,,,,,,,,,,,,,,,0.3,140,140,BetOnline.ag,,,,,,,,,,,,,,betonline,-0.0363,135,0.40153440401221263,0.40720169745381923,pinnacle,,2026-09-01T18:17:58.035793+00:00,3,,,,,,,,117.29,,,,2026-07-21.v14-suppressfix1,ddf45575d5d07af2872a07618f9f7867
2026-09-01,2026-09-01T00:42:39.641000+00:00,2026-09-06T02:30:00Z,NCAAF,UCLA Bruins,California Golden Bears,Moneyline,UCLA Bruins,,-130,1.0,Single sharp signal,sharp,A,32,34,66,3513,True,False,0.7,False,,0.5412372179019043,0.5390207745263287,pinnacle,15,-127,109,,,,,,,,,,,,,,,,,,,,0.3,-125,-120,BetMGM,,,,,,,,,,,,,,betonline,-0.0258,-130,0.5412372179019043,0.5390207745263287,pinnacle,,2026-09-01T18:17:58.035799+00:00,3,,,,,,,,121.79,,,,2026-07-21.v14-suppressfix1,1bb9e45b6e7ed1200104ed018eff9093
2026-09-01,2026-09-01T00:42:39.641000+00:00,2026-09-06T02:30:00Z,NCAAF,Western Kentucky Hilltoppers,Nevada Wolf Pack,Moneyline,Nevada Wolf Pack,,115,1.0,Single sharp signal,sharp,A,35,15,50,1948,True,False,1.2,False,,0.44934137532653257,0.45210070933042323,pinnacle,16,113,-132,,,,,,,,,,,,,,,,,,,,0.3,115,120,BetAnything,,,,,,,,,,,,,,betonline,-0.0339,115,0.44934137532653257,0.45210070933042323,pinnacle,,2026-09-01T18:17:58.035805+00:00,3,,,,,,,,121.79,,,,2026-07-21.v14-suppressfix1,63efb66a308ba1892fb100b7341a76d8
2026-09-01,2026-09-01T00:42:39.641000+00:00,2026-09-06T23:30:00Z,NCAAF,Wisconsin Badgers,Notre Dame Fighting Irish,Moneyline,Wisconsin Badgers,,775,1.0,"Sharp lean, longshot: price is the reward",sharp,A,38,3,41,5260,True,False,-1.9,False,,0.07805687289014189,0.11018981201837717,pinnacle,16,765,-1405,,,,,,,,,,,,,,,,,,,,0.3,1041,1050,BetUS,,,,,,,,,,,,,,betonline,-0.1094,775,0.07805687289014189,0.11018981201837717,pinnacle,,2026-09-01T18:17:58.035811+00:00,3,,,,,,,,142.79,,,,2026-07-21.v14-suppressfix1,b460f3aa4235ec2485f25182755304d6
2026-09-01,2026-09-01T00:42:39.641000+00:00,2026-09-01T01:41:00Z,mlb,Philadelphia Phillies,Arizona Diamondbacks,Moneyline,Arizona Diamondbacks,,-109,0.0,,,B,24,37,61,16297,False,True,6.9,False,-0.045933537404728164,0.4975753321669121,0.49764317699740745,pinnacle,28,-103,-105,,,,,,,,,,,,,,,,,,,,0.2,,,,,,,,,,,,,,,,,,,120,0.4334318248689252,0.4357578877693609,pinnacle,,2026-09-01T06:46:49.668970+00:00,2,,-12.84,-16.89,-16.45,True,True,sharp,0.97,loss,,-0.0,2026-07-21.v14-suppressfix1,a7e19db363201c4f9f334c8e70c4ae71
2026-09-01,2026-09-01T00:42:39.641000+00:00,2026-09-13T17:00:00Z,nfl,Atlanta Falcons,Pittsburgh Steelers,Moneyline,Atlanta Falcons,,150,0.0,,,B,19,16,35,3342,True,True,2.6,False,-0.04108418363745425,0.3835663265450183,0.38848920863309355,pinnacle,24,150,-170,,,,,,,,,,,,,,,,,,,,0.3,,,,,,,,,,,,,,,,,,,150,0.3835663265450183,0.38848920863309355,pinnacle,,2026-09-01T18:17:58.035818+00:00,3,,,,,,True,sharp,304.29,,,,2026-07-21.v14-suppressfix1,95c01d1bb797d6df14824b106c5a9130
2026-09-01,2026-09-01T00:42:39.641000+00:00,2026-09-13T17:00:00Z,nfl,Buffalo Bills,Houston Texans,Moneyline,Buffalo Bills,,-110,0.0,,,D,13,63,76,4584,False,True,3.7,False,-0.050014920055701184,0.49761123235177557,0.4977100984657659,pinnacle,19,-105,-107,,,,,,,,,,,,,,,,,,,,0.3,,,,,,,,,,,,,,,,,,,-110,0.49761123235177557,0.4977100984657659,pinnacle,,2026-09-01T18:17:58.035824+00:00,3,,,,,,True,sharp,304.29,,,,2026-07-21.v14-suppressfix1,7e09efed7e12c659b82740b67ce2f9a1
2026-09-01,2026-09-01T00:42:39.641000+00:00,2026-09-13T17:00:00Z,nfl,Chicago Bears,Carolina Panthers,Moneyline,Chicago Bears,,-150,0.0,,,D,6,85,91,4846,False,True,1.6,False,-0.025259347433084667,0.5848443915401492,0.5812874150803794,pinnacle,24,-149,132,,,,,,,,,,,,,,,,,,,,0.3,,,,,,,,,,,,,,,,,,,-145,0.5848443915401492,0.5812874150803794,pinnacle,,2026-09-01T18:17:58.035830+00:00,3,,,,,,True,sharp,304.29,,,,2026-07-21.v14-suppressfix1,fc362aff0d889ec52d358307a70c32ed
2026-09-01,2026-09-01T00:42:39.641000+00:00,2026-09-13T17:00:00Z,nfl,Tampa Bay Buccaneers,Cincinnati Bengals,Moneyline,Tampa Bay Buccaneers,,180,0.0,,,D,8,12,20,4367,True,True,3.8,False,-0.07018961340432062,0.33207513806988553,0.33986362160406974,pinnacle,24,185,-214,,,,,,,,,,,,,,,,,,,,0.3,,,,,,,,,,,,,,,,,,,185,0.33207513806988553,0.33986362160406974,pinnacle,,2026-09-01T18:17:58.035837+00:00,3,,,,,,True,sharp,304.29,,,,2026-07-21.v14-suppressfix1,ed6d24ff979f9c71979fead577b0b3f7
2026-09-01,2026-09-01T00:42:39.641000+00:00,2026-09-13T17:00:00Z,nfl,Cleveland Browns,Jacksonville Jaguars,Moneyline,Cleveland Browns,,300,0.0,,,C,12,7,19,4836,True,False,1.4,False,-0.12498871305414816,0.21875282173646296,0.23363362785912756,pinnacle,24,313,-386,,,,,,,,,,,,,,,,,,,,0.3,,,,,,,,,,,,,,,,,,,305,0.21875282173646296,0.23363362785912756,pinnacle,,2026-09-01T18:17:58.035842+00:00,3,,,,,,True,sharp,304.29,,,,2026-07-21.v14-suppressfix1,e55c6fe19fce094ce214c8b0e5b504e9
2026-09-01,2026-09-01T00:42:39.641000+00:00,2026-09-13T17:00:00Z,nfl,New Orleans Saints,Detroit Lions,Moneyline,New Orleans Saints,,260,0.0,,,C,9,4,13,5275,True,False,1.0,False,-0.09290913655966426,0.25196968428898214,0.2646287933811223,pinnacle,24,265,-319,,,,,,,,,,,,,,,,,,,,0.3,,,,,,,,,,,,,,,,,,,270,0.25196968428898214,0.2646287933811223,pinnacle,,2026-09-01T18:17:58.035849+00:00,3,,,,,,True,sharp,304.29,,,,2026-07-21.v14-suppressfix1,c1d3fcec25aaeb06ebd2244d33d338e0
2026-09-01,2026-09-01T00:42:39.641000+00:00,2026-09-13T20:25:00Z,nfl,Arizona Cardinals,Los Angeles Chargers,Moneyline,Arizona Cardinals,,375,0.0,,,B,17,4,21,3917,True,False,-0.5,False,-0.1632130116325644,0.17616568176156538,0.19424204275232393,pinnacle,24,396,-511,,,,,,,,,,,,,,,,,,,,0.3,,,,,,,,,,,,,,,,,,,400,0.17616568176156538,0.19424204275232393,pinnacle,,2026-09-01T18:17:58.035855+00:00,3,,,,,,True,sharp,307.71,,,,2026-07-21.v14-suppressfix1,1edfa5ceaa1ad2cb57df1c1b908731f6
2026-09-01,2026-09-01T00:42:39.641000+00:00,2026-09-13T20:25:00Z,nfl,Green Bay Packers,Minnesota Vikings,Moneyline,Green Bay Packers,,105,0.0,,,B,13,50,63,6018,False,True,3.1,False,-0.03519482779730276,0.4706366693671694,0.47184039298487523,pinnacle,23,106,-119,,,,,,,,,,,,,,,,,,,,0.3,,,,,,,,,,,,,,,,,,,105,0.4706366693671694,0.47184039298487523,pinnacle,,2026-09-01T18:17:58.035861+00:00,3,,,,,,True,sharp,307.71,,,,2026-07-21.v14-suppressfix1,cb77efed7e711d25a72c1a2a0a1af119
2026-09-01,2026-09-01T00:42:39.641000+00:00,2026-09-13T20:25:00Z,nfl,Miami Dolphins,Las Vegas Raiders,Moneyline,Miami Dolphins,,165,0.0,,,A,24,12,36,2872,True,True,2.5,False,-0.0523305384923749,0.3576111175500472,0.36417790904312564,pinnacle,24,166,-191,,,,,,,,,,,,,,,,,,,,0.3,,,,,,,,,,,,,,,,,,,165,0.3576111175500472,0.36417790904312564,pinnacle,,2026-09-01T18:17:58.035866+00:00,3,,,,,,True,sharp,307.71,,,,2026-07-21.v14-suppressfix1,c5d95f48a16849ab6bebc68fbbfcb74a
2026-09-01,2026-09-01T00:42:39.641000+00:00,2026-09-15T00:15:00Z,nfl,Denver Broncos,Kansas City Chiefs,Moneyline,Denver Broncos,,130,0.0,,,S,39,22,61,5255,True,True,2.3,False,-0.032913165380865195,0.4204725367909282,0.4238894441189648,pinnacle,24,129,-146,,,,,,,,,,,,,,,,,,,,0.3,,,,,,,,,,,,,,,,,,,130,0.4204725367909282,0.4238894441189648,pinnacle,,2026-09-01T18:17:58.035870+00:00,3,,,,,,True,sharp,335.54,,,,2026-07-21.v14-suppressfix1,5ad8135dc2b5f27de0b777acd317855a
2026-09-01,2026-09-01T00:42:39.641000+00:00,2026-09-04T00:00:00Z,ncaaf,Colorado Buffaloes,Georgia Tech Yellow Jackets,Moneyline,Colorado Buffaloes,,215,0.0,,,A,71,8,79,9648,True,False,1.1,False,-0.0758030570253132,0.293395854912599,0.30670181486363174,pinnacle,19,212,-263,,,,,,,,,,,,,,,,,,,,0.3,,,,,,,,,,,,,,,,,,,210,0.2970428468374229,0.3098976818268382,pinnacle,,2026-09-01T18:17:58.035874+00:00,3,,,,,,True,sharp,71.29,,,,2026-07-21.v14-suppressfix1,1d6daad1c93bf7e5ae16be1db12e27d5
2026-09-01,2026-09-01T00:42:39.641000+00:00,2026-09-04T01:00:00Z,ncaaf,UAB Blazers,Illinois Fighting Illini,Moneyline,UAB Blazers,,1300,0.0,,,B,14,4,18,1696,True,False,-0.3,False,-0.6372797318611424,0.025908590581346973,0.055985743974167466,pinnacle,13,1621,-4841,,,,,,,,,,,,,,,,,,,,0.3,,,,,,,,,,,,,,,,,,,1400,0.025908590581346973,0.055985743974167466,pinnacle,,2026-09-01T18:17:58.035879+00:00,3,,,,,,True,sharp,72.29,,,,2026-07-21.v14-suppressfix1,1697069330d0343bdf7930ac0b0c3863
2026-09-01,2026-09-01T00:42:39.641000+00:00,2026-09-04T22:30:00Z,ncaaf,San Jose State Spartans,Eastern Michigan Eagles,Moneyline,San Jose State Spartans,,130,0.0,,,A,40,15,55,4382,True,False,1.3,False,-0.05714510471604639,0.4099369109930233,0.4149040026033192,pinnacle,20,132,-155,,,,,,,,,,,,,,,,,,,,0.3,,,,,,,,,,,,,,,,,,,130,0.4133974319160126,0.4182509505703422,pinnacle,,2026-09-01T18:17:58.035883+00:00,3,,,,,,True,sharp,93.79,,,,2026-07-21.v14-suppressfix1,171952045c3039d592807265d36b60d0
2026-09-01,2026-09-01T00:42:39.641000+00:00,2026-09-05T00:00:00Z,ncaaf,Toledo Rockets,Michigan State Spartans,Moneyline,Toledo Rockets,,300,0.0,,,D,7,2,9,4634,True,False,0.7,False,-0.13006429791308782,0.21748392552172804,0.2372823326898021,pinnacle,20,302,-399,,,,,,,,,,,,,,,,,,,,0.3,,,,,,,,,,,,,,,,,,,300,0.2189656064032894,0.2389163985279667,pinnacle,,2026-09-01T18:17:58.035890+00:00,3,,,,,,True,sharp,95.29,,,,2026-07-21.v14-suppressfix1,05c2e060c97c538faeee8237a0bd60f0
2026-09-01,2026-09-01T00:42:39.641000+00:00,2026-09-05T19:30:00Z,ncaaf,Baylor Bears,Auburn Tigers,Moneyline,Baylor Bears,,230,0.0,,,B,13,7,20,6341,True,False,0.7,False,-0.08632287752188417,0.27687185529639874,0.29152317080538936,pinnacle,17,228,-286,,,,,,,,,,,,,,,,,,,,0.3,,,,,,,,,,,,,,,,,,,230,0.27687185529639874,0.29152317080538936,pinnacle,,2026-09-01T18:17:58.035895+00:00,3,,,,,,True,sharp,114.79,,,,2026-07-21.v14-suppressfix1,525909f6be5e505d076a97eb097528eb
2026-09-01,2026-09-01T00:42:39.641000+00:00,2026-09-05T19:30:00Z,ncaaf,Boise State Broncos,Oregon Ducks,Moneyline,Boise State Broncos,,1100,0.0,,,B,17,2,19,3645,True,False,-0.9,False,-0.47442129874002137,0.04379822510499822,0.07603913834951455,pinnacle,14,1160,-2707,,,,,,,,,,,,,,,,,,,,0.3,,,,,,,,,,,,,,,,,,,1100,0.04379822510499822,0.07603913834951455,pinnacle,,2026-09-01T18:17:58.035901+00:00,3,,,,,,True,sharp,114.79,,,,2026-07-21.v14-suppressfix1,ac175733be9ad7061abab75fe080d18a
2026-09-01,2026-09-01T00:42:39.641000+00:00,2026-09-05T22:00:00Z,ncaaf,Wyoming Cowboys,Colorado State Rams,Moneyline,Wyoming Cowboys,,135,0.0,,,A,24,8,32,2685,True,True,1.7,False,-0.05639415057130026,0.40153440401221263,0.40720169745381923,pinnacle,16,136,-161,,,,,,,,,,,,,,,,,,,,0.3,,,,,,,,,,,,,,,,,,,135,0.40153440401221263,0.40720169745381923,pinnacle,,2026-09-01T18:17:58.035905+00:00,3,,,,,,True,sharp,117.29,,,,2026-07-21.v14-suppressfix1,ddf45575d5d07af2872a07618f9f7867
2026-09-01,2026-09-01T00:42:39.641000+00:00,2026-09-05T23:30:00Z,ncaaf,Clemson Tigers,LSU Tigers,Moneyline,Clemson Tigers,,300,0.0,,,B,13,4,17,7260,True,False,0.6,False,-0.12919259263370086,0.21770185184157478,0.23773338605710365,pinnacle,16,301,-399,,,,,,,,,,,,,,,,,,,,0.3,,,,,,,,,,,,,,,,,,,300,0.2184693982424301,0.2383693045563549,pinnacle,,2026-09-01T18:17:58.035911+00:00,3,,,,,,True,sharp,118.79,,,,2026-07-21.v14-suppressfix1,073bba47dc105fcd66913e74f281ae96
2026-09-01,2026-09-01T00:42:39.641000+00:00,2026-09-06T02:30:00Z,ncaaf,UCLA Bruins,California Golden Bears,Moneyline,UCLA Bruins,,-130,0.0,,,A,32,34,66,3513,True,False,0.7,False,-0.04242646063509248,0.5412372179019043,0.5390207745263287,pinnacle,15,-127,109,,,,,,,,,,,,,,,,,,,,0.3,,,,,,,,,,,,,,,,,,,-130,0.5412372179019043,0.5390207745263287,pinnacle,,2026-09-01T18:17:58.035916+00:00,3,,,,,,True,sharp,121.79,,,,2026-07-21.v14-suppressfix1,1bb9e45b6e7ed1200104ed018eff9093
2026-09-01,2026-09-01T00:42:39.641000+00:00,2026-09-06T20:00:00Z,ncaaf,Washington State Cougars,Washington Huskies,Moneyline,Washington State Cougars,,900,0.0,,,B,14,1,15,1060,True,False,-1.6,False,-0.3950448091344452,0.06049551908655548,0.09317193559760253,pinnacle,15,925,-1882,,,,,,,,,,,,,,,,,,,,0.3,,,,,,,,,,,,,,,,,,,950,0.06049551908655548,0.09317193559760253,pinnacle,,2026-09-01T18:17:58.035922+00:00,3,,,,,,True,sharp,139.29,,,,2026-07-21.v14-suppressfix1,36c2a063d7a55e85488fbe0e89015686
2026-09-01,2026-09-01T00:42:39.641000+00:00,2026-09-06T23:30:00Z,ncaaf,Wisconsin Badgers,Notre Dame Fighting Irish,Moneyline,Wisconsin Badgers,,775,0.0,,,A,38,3,41,5260,True,False,-1.9,False,-0.31700236221125844,0.07805687289014189,0.11018981201837717,pinnacle,16,765,-1405,,,,,,,,,,,,,,,,,,,,0.3,,,,,,,,,,,,,,,,,,,775,0.07805687289014189,0.11018981201837717,pinnacle,,2026-09-01T18:17:58.035926+00:00,3,,,,,,True,sharp,142.79,,,,2026-07-21.v14-suppressfix1,b460f3aa4235ec2485f25182755304d6
2026-09-01,2026-09-01T18:17:58.077145+00:00,2026-09-01T22:41:00Z,MLB,Toronto Blue Jays,Cleveland Guardians,Moneyline,Toronto Blue Jays,,151,1.0,Single sharp signal,sharp,A,21,27,48,5336,True,False,-13.2,False,,0.3793671868174121,0.3828701077708451,pinnacle,27,156,-170,164,168,0.376,,,,,,,,,,,,,,,,,0.3,160,160,LowVig.ag,,,,,,,,,,0.52,0.51,0.53,-0.2704,betonline,-0.0136,151,0.3793671868174121,0.3828701077708451,pinnacle,,2026-09-01T18:17:58.077145+00:00,0,,,,,,,,4.38,,,,2026-07-21.v14-suppressfix1,81a434657f4b4211068ffd662aa0e939
2026-09-01,2026-09-01T18:17:58.077145+00:00,2026-09-01T22:41:00Z,mlb,San Diego Padres,Cincinnati Reds,Moneyline,San Diego Padres,,-140,0.0,,,D,11,71,82,5109,False,True,2.2,False,-0.04373002334183729,0.5578241530505949,0.5562044917484775,pinnacle,28,-131,121,,,,,,,,,,,,,,,,,,,,0.3,,,,,,,,,,,,,,,,,,,-140,0.5578241530505949,0.5562044917484775,pinnacle,,2026-09-01T18:17:58.077145+00:00,0,,,,,,True,sharp,4.38,,,,2026-07-21.v14-suppressfix1,764521fed86b5329011236a43540951b
2026-09-01,2026-09-01T18:17:58.077145+00:00,2026-09-01T22:41:00Z,mlb,Toronto Blue Jays,Cleveland Guardians,Moneyline,Toronto Blue Jays,,151,0.0,,,A,21,27,48,5336,True,False,-13.2,False,-0.04778836108829565,0.3793671868174121,0.3828701077708451,pinnacle,27,156,-170,,,,,,,,,,,,,,,,,,,,0.3,,,,,,,,,,,,,,,,,,,151,0.3793671868174121,0.3828701077708451,pinnacle,,2026-09-01T18:17:58.077145+00:00,0,,,,,,True,sharp,4.38,,,,2026-07-21.v14-suppressfix1,81a434657f4b4211068ffd662aa0e939
2026-09-01,2026-09-01T18:17:58.077145+00:00,2026-09-01T22:41:00Z,mlb,New York Mets,Tampa Bay Rays,Moneyline,Tampa Bay Rays,,-140,0.0,,,D,18,68,86,6280,False,True,2.3,False,-0.04373002334183729,0.5578241530505949,0.5562044917484775,pinnacle,28,-131,121,,,,,,,,,,,,,,,,,,,,0.3,,,,,,,,,,,,,,,,,,,-140,0.5578241530505949,0.5562044917484775,pinnacle,,2026-09-01T18:17:58.077145+00:00,0,,,,,,True,sharp,4.38,,,,2026-07-21.v14-suppressfix1,59757c299ffa7405f5f856a6f1b86c6f
2026-09-01,2026-09-01T18:17:58.077145+00:00,2026-09-01T22:41:00Z,mlb,San Francisco Giants,Pittsburgh Pirates,Moneyline,San Francisco Giants,,139,0.0,,,C,12,33,45,6154,True,False,-1.4,False,-0.05140481333885649,0.3969017517410643,0.3999379941094404,pinnacle,28,145,-158,,,,,,,,,,,,,,,,,,,,0.3,,,,,,,,,,,,,,,,,,,139,0.3969017517410643,0.3999379941094404,pinnacle,,2026-09-01T18:17:58.077145+00:00,0,,,,,,True,sharp,4.38,,,,2026-07-21.v14-suppressfix1,0d8e1807210d19a49240ad01d066fb7f
2026-09-01,2026-09-01T18:17:58.077145+00:00,2026-09-01T22:46:00Z,mlb,Seattle Mariners,Boston Red Sox,Moneyline,Boston Red Sox,,-121,0.0,,,D,8,66,74,4791,False,True,2.7,False,-0.043245552095694695,0.5238338832417238,0.5232153996969967,pinnacle,27,-114,106,,,,,,,,,,,,,,,,,,,,0.3,,,,,,,,,,,,,,,,,,,-121,0.5238338832417238,0.5232153996969967,pinnacle,,2026-09-01T18:17:58.077145+00:00,0,,,,,,True,sharp,4.47,,,,2026-07-21.v14-suppressfix1,16c1ff66c09048a0d06a0b9a90a78d7d
2026-09-01,2026-09-01T18:17:58.077145+00:00,2026-09-01T23:41:00Z,mlb,Detroit Tigers,Minnesota Twins,Moneyline,Detroit Tigers,,-105,0.0,,,D,10,59,69,3544,False,True,2.8,False,-0.04746188679925567,0.4878853750540398,0.48821509495666804,pinnacle,28,101,-109,,,,,,,,,,,,,,,,,,,,0.3,,,,,,,,,,,,,,,,,,,-105,0.4878853750540398,0.48821509495666804,pinnacle,,2026-09-01T18:17:58.077145+00:00,0,,,,,,True,sharp,5.38,,,,2026-07-21.v14-suppressfix1,ba3a4cc7ae5fe8f253de4da50e16ef96
2026-09-01,2026-09-01T18:17:58.077145+00:00,2026-09-01T23:41:00Z,mlb,Miami Marlins,Kansas City Royals,Moneyline,Kansas City Royals,,-122,0.0,,,D,40,57,97,4877,False,True,4.3,False,-0.04062652505756703,0.5272232610044001,0.526440410418311,pinnacle,28,-116,107,,,,,,,,,,,,,,,,,,,,0.3,,,,,,,,,,,,,,,,,,,-122,0.5272232610044001,0.526440410418311,pinnacle,,2026-09-01T18:17:58.077145+00:00,0,,,,,,True,sharp,5.38,,,,2026-07-21.v14-suppressfix1,2c2bb6cbfb44dc9988fabb21c5bf5cff
2026-09-01,2026-09-01T18:17:58.077145+00:00,2026-09-02T00:06:00Z,mlb,Athletics,Texas Rangers,Moneyline,Texas Rangers,,-220,0.0,,,D,20,78,98,3079,False,True,8.5,False,-0.030812830004174896,0.6663161793721297,0.6612108412530799,pinnacle,28,-208,189,,,,,,,,,,,,,,,,,,,,0.3,,,,,,,,,,,,,,,,,,,-220,0.6663161793721297,0.6612108412530799,pinnacle,,2026-09-01T18:17:58.077145+00:00,0,,,,,,True,sharp,5.8,,,,2026-07-21.v14-suppressfix1,c2d8843514360ba23db4493a00f3a91d
2026-09-01,2026-09-01T18:17:58.077145+00:00,2026-09-02T00:11:00Z,mlb,Chicago White Sox,Houston Astros,Moneyline,Chicago White Sox,,-113,0.0,,,B,22,52,74,3337,False,True,1.9,False,-0.05295173231462147,0.5024246678330881,0.5023568230025924,pinnacle,28,-105,-103,,,,,,,,,,,,,,,,,,,,0.3,,,,,,,,,,,,,,,,,,,-113,0.5024246678330881,0.5023568230025924,pinnacle,,2026-09-01T18:17:58.077145+00:00,0,,,,,,True,sharp,5.88,,,,2026-07-21.v14-suppressfix1,2a66ecfafefe10812f1ef722c242a75f
2026-09-01,2026-09-01T18:17:58.077145+00:00,2026-09-02T00:41:00Z,mlb,Baltimore Orioles,Colorado Rockies,Moneyline,Baltimore Orioles,,-149,0.0,,,D,8,90,98,4331,False,False,-0.1,False,-0.04383080887997903,0.5721654999071611,0.5700820261908188,pinnacle,28,-139,128,,,,,,,,,,,,,,,,,,,,0.3,,,,,,,,,,,,,,,,,,,-149,0.5721654999071611,0.5700820261908188,pinnacle,,2026-09-01T18:17:58.077145+00:00,0,,,,,,True,sharp,6.38,,,,2026-07-21.v14-suppressfix1,2d4b3b0bb026c73aa884eb3633604ded
2026-09-01,2026-09-01T18:17:58.077145+00:00,2026-09-02T01:39:00Z,mlb,New York Yankees,Los Angeles Angels,Moneyline,New York Yankees,,-188,0.0,,,D,17,74,91,5109,False,True,5.7,False,-0.03391550796397724,0.6306384878568482,0.6265247998280402,pinnacle,28,-178,162,,,,,,,,,,,,,,,,,,,,0.3,,,,,,,,,,,,,,,,,,,-188,0.6306384878568482,0.6265247998280402,pinnacle,,2026-09-01T18:17:58.077145+00:00,0,,,,,,True,sharp,7.35,,,,2026-07-21.v14-suppressfix1,1b131c580c5da54dd5ca7bcb24d0c131
2026-09-01,2026-09-01T18:17:58.077145+00:00,2026-09-02T01:41:00Z,mlb,Philadelphia Phillies,Arizona Diamondbacks,Moneyline,Arizona Diamondbacks,,109,0.0,,,C,11,28,39,5033,True,False,0.7,False,-0.04603480723762021,0.4564426759628612,0.4577407225764263,pinnacle,28,114,-124,,,,,,,,,,,,,,,,,,,,0.3,,,,,,,,,,,,,,,,,,,109,0.4564426759628612,0.4577407225764263,pinnacle,,2026-09-01T18:17:58.077145+00:00,0,,,,,,True,sharp,7.38,,,,2026-07-21.v14-suppressfix1,594a3405f55139e4b9bd00aa0518f4a4
2026-09-01,2026-09-01T18:17:58.077145+00:00,2026-09-02T02:11:00Z,mlb,St. Louis Cardinals,Los Angeles Dodgers,Moneyline,Los Angeles Dodgers,,-196,0.0,,,D,23,76,99,4296,False,True,2.7,False,-0.03431378375195948,0.6394408729209998,0.6349897540983607,pinnacle,26,-185,168,,,,,,,,,,,,,,,,,,,,0.3,,,,,,,,,,,,,,,,,,,-196,0.6394408729209998,0.6349897540983607,pinnacle,,2026-09-01T18:17:58.077145+00:00,0,,,,,,True,sharp,7.88,,,,2026-07-21.v14-suppressfix1,315bf242d2edacc5912ce11b61b7de41
2026-09-01,2026-09-01T18:17:58.077145+00:00,2026-09-10T00:15:00Z,nfl,New England Patriots,Seattle Seahawks,Moneyline,New England Patriots,,160,0.0,,,D,6,13,19,11102,True,False,0.7,False,-0.03856265850193463,0.3697835928838713,0.37567849407738174,pinnacle,24,158,-181,,,,,,,,,,,,,,,,,,,,0.3,,,,,,,,,,,,,,,,,,,160,0.3697835928838713,0.37567849407738174,pinnacle,,2026-09-01T18:17:58.077145+00:00,0,,,,,,True,sharp,197.95,,,,2026-07-21.v14-suppressfix1,8c94552d022acec4a0458d70c19d3da9
